username,user_url,lokalita,cena,nazev,autor,nakladatel,book_url,ISBN,rok,vydani,jazyk
TomasTom,https://www.trhknih.cz/uzivatel/profil/TomasTom,Chodov,79,Webmaster v kostce pohotová referenční příručka,Stephen. Spainhour,CPress,https://www.trhknih.cz/kniha/by67h,  80-7226-450-8    ,1999, Vyd. 1. , česky  
avas,https://www.trhknih.cz/uzivatel/profil/avas,Žižkov,50,Webmaster v kostce pohotová referenční příručka,Stephen. Spainhour,CPress,https://www.trhknih.cz/kniha/by67h,  80-7226-450-8    ,1999, Vyd. 1. , česky  
merkol,https://www.trhknih.cz/uzivatel/profil/merkol,Stodůlky,79,Webmaster v kostce pohotová referenční příručka,Stephen. Spainhour,CPress,https://www.trhknih.cz/kniha/by67h,  80-7226-450-8    ,1999, Vyd. 1. , česky  
AntikAvion,https://www.trhknih.cz/uzivatel/profil/AntikAvion,Liberec I-Staré Město,54,Webmaster v kostce pohotová referenční příručka,Stephen. Spainhour,CPress,https://www.trhknih.cz/kniha/by67h,  80-7226-450-8    ,1999, Vyd. 1. , česky  
ronnie_james,https://www.trhknih.cz/uzivatel/profil/ronnie_james,,120,Webmaster v kostce pohotová referenční příručka,Stephen. Spainhour,CPress,https://www.trhknih.cz/kniha/by67h,  80-7226-450-8    ,1999, Vyd. 1. , česky  
TomasTom,https://www.trhknih.cz/uzivatel/profil/TomasTom,Chodov,79,Bílá ruka za tajemstvím hradu Handštejna,Zdeněk Kárník,Knižní klub,https://www.trhknih.cz/kniha/22rvx3,   80-242-0956-X   ,2003, Vyd. 1. ,   
Michal93,https://www.trhknih.cz/uzivatel/profil/Michal93,Rozdělov,50,Bílá ruka za tajemstvím hradu Handštejna,Zdeněk Kárník,Knižní klub,https://www.trhknih.cz/kniha/22rvx3,   80-242-0956-X   ,2003, Vyd. 1. ,   
dantaxWC,https://www.trhknih.cz/uzivatel/profil/dantaxWC,Hradec Králové,50,Bílá ruka za tajemstvím hradu Handštejna,Zdeněk Kárník,Knižní klub,https://www.trhknih.cz/kniha/22rvx3,   80-242-0956-X   ,2003, Vyd. 1. ,   
LKreiner,https://www.trhknih.cz/uzivatel/profil/LKreiner,Liberec I-Staré Město,50,Bílá ruka za tajemstvím hradu Handštejna,Zdeněk Kárník,Knižní klub,https://www.trhknih.cz/kniha/22rvx3,   80-242-0956-X   ,2003, Vyd. 1. ,   
cybervlk,https://www.trhknih.cz/uzivatel/profil/cybervlk,,50,Bílá ruka za tajemstvím hradu Handštejna,Zdeněk Kárník,Knižní klub,https://www.trhknih.cz/kniha/22rvx3,   80-242-0956-X   ,2003, Vyd. 1. ,   
waylon,https://www.trhknih.cz/uzivatel/profil/waylon,,50,Bílá ruka za tajemstvím hradu Handštejna,Zdeněk Kárník,Knižní klub,https://www.trhknih.cz/kniha/22rvx3,   80-242-0956-X   ,2003, Vyd. 1. ,   
AntikAvion,https://www.trhknih.cz/uzivatel/profil/AntikAvion,Liberec I-Staré Město,55,Bílá ruka za tajemstvím hradu Handštejna,Zdeněk Kárník,Knižní klub,https://www.trhknih.cz/kniha/22rvx3,   80-242-0956-X   ,2003, Vyd. 1. ,   
kuna,https://www.trhknih.cz/uzivatel/profil/kuna,Smíchov,120,Víc než vzpomínka,Dorothy Garlock,Alpress,https://www.trhknih.cz/kniha/2kkwlk,   80-7218-472-5   ,2004, Vyd. 1. , česky  
dasy55,https://www.trhknih.cz/uzivatel/profil/dasy55,,65,Víc než vzpomínka,Dorothy Garlock,Alpress,https://www.trhknih.cz/kniha/2kkwlk,   80-7218-472-5   ,2004, Vyd. 1. , česky  
AntikAvion,https://www.trhknih.cz/uzivatel/profil/AntikAvion,Liberec I-Staré Město,109,Víc než vzpomínka,Dorothy Garlock,Alpress,https://www.trhknih.cz/kniha/2kkwlk,   80-7218-472-5   ,2004, Vyd. 1. , česky  
AntikAvion,https://www.trhknih.cz/uzivatel/profil/AntikAvion,Liberec I-Staré Město,87,Víc než vzpomínka,Dorothy Garlock,Alpress,https://www.trhknih.cz/kniha/2kkwlk,   80-7218-472-5   ,2004, Vyd. 1. , česky  
Oyasin,https://www.trhknih.cz/uzivatel/profil/Oyasin,Zlín,99,Víc než vzpomínka,Dorothy Garlock,Alpress,https://www.trhknih.cz/kniha/2kkwlk,   80-7218-472-5   ,2004, Vyd. 1. , česky  
vladimir3043,https://www.trhknih.cz/uzivatel/profil/vladimir3043,,75,Winston Churchill fotobiografie,Mike Paterson,Metafora,https://www.trhknih.cz/kniha/mjeil,    80-7359-087-5  ,2006, Vyd. 1. , česky  
Janinna,https://www.trhknih.cz/uzivatel/profil/Janinna,Odry,190,Winston Churchill fotobiografie,Mike Paterson,Metafora,https://www.trhknih.cz/kniha/mjeil,    80-7359-087-5  ,2006, Vyd. 1. , česky  
nnnnn,https://www.trhknih.cz/uzivatel/profil/nnnnn,"Karlín, 																			Nové Město",100,Winston Churchill fotobiografie,Mike Paterson,Metafora,https://www.trhknih.cz/kniha/mjeil,    80-7359-087-5  ,2006, Vyd. 1. , česky  
Tikitaka,https://www.trhknih.cz/uzivatel/profil/Tikitaka,,250,Winston Churchill fotobiografie,Mike Paterson,Metafora,https://www.trhknih.cz/kniha/mjeil,    80-7359-087-5  ,2006, Vyd. 1. , česky  
kralik777,https://www.trhknih.cz/uzivatel/profil/kralik777,Liberec I-Staré Město,200,Winston Churchill fotobiografie,Mike Paterson,Metafora,https://www.trhknih.cz/kniha/mjeil,    80-7359-087-5  ,2006, Vyd. 1. , česky  
frantik,https://www.trhknih.cz/uzivatel/profil/frantik,Moravská Ostrava,180,Winston Churchill fotobiografie,Mike Paterson,Metafora,https://www.trhknih.cz/kniha/mjeil,    80-7359-087-5  ,2006, Vyd. 1. , česky  
MAKOP,https://www.trhknih.cz/uzivatel/profil/MAKOP,"Nové Město, 																			Nusle, 																			Smíchov",120,Winston Churchill fotobiografie,Mike Paterson,Metafora,https://www.trhknih.cz/kniha/mjeil,    80-7359-087-5  ,2006, Vyd. 1. , česky  
AlTyxAy,https://www.trhknih.cz/uzivatel/profil/AlTyxAy,Karlín,129,Winston Churchill fotobiografie,Mike Paterson,Metafora,https://www.trhknih.cz/kniha/mjeil,    80-7359-087-5  ,2006, Vyd. 1. , česky  
Annie52,https://www.trhknih.cz/uzivatel/profil/Annie52,Záboří nad Labem,120,Winston Churchill fotobiografie,Mike Paterson,Metafora,https://www.trhknih.cz/kniha/mjeil,    80-7359-087-5  ,2006, Vyd. 1. , česky  
raven-23,https://www.trhknih.cz/uzivatel/profil/raven-23,,371,Als Junge wäre ich erschossen worden-- die Geschichte der jüngsten Lidicer Frau,Jaroslava Skleničková,Prostor,https://www.trhknih.cz/kniha/294cyu,    978-80-7260-178-3  ,2008, 1. Aufl. , německy  
Dion,https://www.trhknih.cz/uzivatel/profil/Dion,,50,Čachtická paní před Božím soudem,Andrej Štiavnický,Knižní klub,https://www.trhknih.cz/kniha/yj8c3,   80-242-1278-1   ,2004, Vyd. 1. , česky  
jessie08,https://www.trhknih.cz/uzivatel/profil/jessie08,Kobylisy,100,Čachtická paní před Božím soudem,Andrej Štiavnický,Knižní klub,https://www.trhknih.cz/kniha/yj8c3,   80-242-1278-1   ,2004, Vyd. 1. , česky  
jbalaja,https://www.trhknih.cz/uzivatel/profil/jbalaja,Zlín,60,Čachtická paní před Božím soudem,Andrej Štiavnický,Knižní klub,https://www.trhknih.cz/kniha/yj8c3,   80-242-1278-1   ,2004, Vyd. 1. , česky  
Trrr,https://www.trhknih.cz/uzivatel/profil/Trrr,Říčany,80,Čachtická paní před Božím soudem,Andrej Štiavnický,Knižní klub,https://www.trhknih.cz/kniha/yj8c3,   80-242-1278-1   ,2004, Vyd. 1. , česky  
Dendulino,https://www.trhknih.cz/uzivatel/profil/Dendulino,Velké Bílovice,75,Čachtická paní před Božím soudem,Andrej Štiavnický,Knižní klub,https://www.trhknih.cz/kniha/yj8c3,   80-242-1278-1   ,2004, Vyd. 1. , česky  
Nakopci,https://www.trhknih.cz/uzivatel/profil/Nakopci,,89,Čachtická paní před Božím soudem,Andrej Štiavnický,Knižní klub,https://www.trhknih.cz/kniha/yj8c3,   80-242-1278-1   ,2004, Vyd. 1. , česky  
Falkon,https://www.trhknih.cz/uzivatel/profil/Falkon,,90,Čachtická paní před Božím soudem,Andrej Štiavnický,Knižní klub,https://www.trhknih.cz/kniha/yj8c3,   80-242-1278-1   ,2004, Vyd. 1. , česky  
samovakniha,https://www.trhknih.cz/uzivatel/profil/samovakniha,Pardubice-Staré Město,69,Čachtická paní před Božím soudem,Andrej Štiavnický,Knižní klub,https://www.trhknih.cz/kniha/yj8c3,   80-242-1278-1   ,2004, Vyd. 1. , česky  
suvic,https://www.trhknih.cz/uzivatel/profil/suvic,Řepy,75,Čachtická paní před Božím soudem,Andrej Štiavnický,Knižní klub,https://www.trhknih.cz/kniha/yj8c3,   80-242-1278-1   ,2004, Vyd. 1. , česky  
Zuzbro1,https://www.trhknih.cz/uzivatel/profil/Zuzbro1,Modřany,150,Čachtická paní před Božím soudem,Andrej Štiavnický,Knižní klub,https://www.trhknih.cz/kniha/yj8c3,   80-242-1278-1   ,2004, Vyd. 1. , česky  
Knihyprodej,https://www.trhknih.cz/uzivatel/profil/Knihyprodej,Horní Počernice,100,Čachtická paní před Božím soudem,Andrej Štiavnický,Knižní klub,https://www.trhknih.cz/kniha/yj8c3,   80-242-1278-1   ,2004, Vyd. 1. , česky  
GANE,https://www.trhknih.cz/uzivatel/profil/GANE,"Nymburk, 																			Sadská",70,Čachtická paní před Božím soudem,Andrej Štiavnický,Knižní klub,https://www.trhknih.cz/kniha/yj8c3,   80-242-1278-1   ,2004, Vyd. 1. , česky  
asa,https://www.trhknih.cz/uzivatel/profil/asa,"Česká Lípa, 																			Nový Bor",99,Čachtická paní před Božím soudem,Andrej Štiavnický,Knižní klub,https://www.trhknih.cz/kniha/yj8c3,   80-242-1278-1   ,2004, Vyd. 1. , česky  
AntikB612,https://www.trhknih.cz/uzivatel/profil/AntikB612,,100,Čachtická paní před Božím soudem,Andrej Štiavnický,Knižní klub,https://www.trhknih.cz/kniha/yj8c3,   80-242-1278-1   ,2004, Vyd. 1. , česky  
JanaW22,https://www.trhknih.cz/uzivatel/profil/JanaW22,Kravaře,90,Čachtická paní před Božím soudem,Andrej Štiavnický,Knižní klub,https://www.trhknih.cz/kniha/yj8c3,   80-242-1278-1   ,2004, Vyd. 1. , česky  
jarlema,https://www.trhknih.cz/uzivatel/profil/jarlema,Smíchov,75,Gangsteři z Východu nové cesty zločinu,Jürgen Roth,Mladá fronta,https://www.trhknih.cz/kniha/2001s2,    978-80-204-1415-1  ,2007, Vyd. 1. , česky  
Knihomil,https://www.trhknih.cz/uzivatel/profil/Knihomil,Lípa,69,Gangsteři z Východu nové cesty zločinu,Jürgen Roth,Mladá fronta,https://www.trhknih.cz/kniha/2001s2,    978-80-204-1415-1  ,2007, Vyd. 1. , česky  
reknihy,https://www.trhknih.cz/uzivatel/profil/reknihy,,129,Gangsteři z Východu nové cesty zločinu,Jürgen Roth,Mladá fronta,https://www.trhknih.cz/kniha/2001s2,    978-80-204-1415-1  ,2007, Vyd. 1. , česky  
AntikAvion,https://www.trhknih.cz/uzivatel/profil/AntikAvion,Liberec I-Staré Město,121,Gangsteři z Východu nové cesty zločinu,Jürgen Roth,Mladá fronta,https://www.trhknih.cz/kniha/2001s2,    978-80-204-1415-1  ,2007, Vyd. 1. , česky  
fix111,https://www.trhknih.cz/uzivatel/profil/fix111,Hostivař,88,Gangsteři z Východu nové cesty zločinu,Jürgen Roth,Mladá fronta,https://www.trhknih.cz/kniha/2001s2,    978-80-204-1415-1  ,2007, Vyd. 1. , česky  
AntikAvion,https://www.trhknih.cz/uzivatel/profil/AntikAvion,Liberec I-Staré Město,110,Gangsteři z Východu nové cesty zločinu,Jürgen Roth,Mladá fronta,https://www.trhknih.cz/kniha/2001s2,    978-80-204-1415-1  ,2007, Vyd. 1. , česky  
Vera07,https://www.trhknih.cz/uzivatel/profil/Vera07,Brno-město,79,Sopka výbuch v Los Angeles v roce 1997,"Jerome Armstrong,  Richard Woodley, překlad Eva Marxová",Cinemax,https://www.trhknih.cz/kniha/2rtmzk,   80-85933-12-8   ,1997,1, česky  
Janinna,https://www.trhknih.cz/uzivatel/profil/Janinna,"Hranice III-Velká, 																			Odry",78,Sopka výbuch v Los Angeles v roce 1997,"Jerome Armstrong,  Richard Woodley, překlad Eva Marxová",Cinemax,https://www.trhknih.cz/kniha/2rtmzk,   80-85933-12-8   ,1997,1, česky  
NakupujuKnihy,https://www.trhknih.cz/uzivatel/profil/NakupujuKnihy,,60,Sopka výbuch v Los Angeles v roce 1997,"Jerome Armstrong,  Richard Woodley, překlad Eva Marxová",Cinemax,https://www.trhknih.cz/kniha/2rtmzk,   80-85933-12-8   ,1997,1, česky  
Ruggid,https://www.trhknih.cz/uzivatel/profil/Ruggid,,95,Sopka výbuch v Los Angeles v roce 1997,"Jerome Armstrong,  Richard Woodley, překlad Eva Marxová",Cinemax,https://www.trhknih.cz/kniha/2rtmzk,   80-85933-12-8   ,1997,1, česky  
Antikvariat_Radost,https://www.trhknih.cz/uzivatel/profil/Antikvariat_Radost,Královo Pole,76,Sopka výbuch v Los Angeles v roce 1997,"Jerome Armstrong,  Richard Woodley, překlad Eva Marxová",Cinemax,https://www.trhknih.cz/kniha/2rtmzk,   80-85933-12-8   ,1997,1, česky  
jiri.hynous,https://www.trhknih.cz/uzivatel/profil/jiri.hynous,Budějovické Předměstí,110,Český jazyk a komunikace pro střední školy 1. Pracovní sešit,Petra Adámková,Didaktis,https://www.trhknih.cz/kniha/2vlmev,   978-80-7358-167-1   ,2010,1,   
honza96786952,https://www.trhknih.cz/uzivatel/profil/honza96786952,,50,Český jazyk a komunikace pro střední školy 1. Pracovní sešit,Petra Adámková,Didaktis,https://www.trhknih.cz/kniha/2vlmev,   978-80-7358-167-1   ,2010,1,   
pbed,https://www.trhknih.cz/uzivatel/profil/pbed,"Háje, 																			Vršovice, 																			Záběhlice",80,Český jazyk a komunikace pro střední školy 1. Pracovní sešit,Petra Adámková,Didaktis,https://www.trhknih.cz/kniha/2vlmev,   978-80-7358-167-1   ,2010,1,   
andulka723,https://www.trhknih.cz/uzivatel/profil/andulka723,,60,Český jazyk a komunikace pro střední školy 1. Pracovní sešit,Petra Adámková,Didaktis,https://www.trhknih.cz/kniha/2vlmev,   978-80-7358-167-1   ,2010,1,   
metelfil,https://www.trhknih.cz/uzivatel/profil/metelfil,"Letňany, 																			Žižkov",100,Český jazyk a komunikace pro střední školy 1. Pracovní sešit,Petra Adámková,Didaktis,https://www.trhknih.cz/kniha/2vlmev,   978-80-7358-167-1   ,2010,1,   
Market162,https://www.trhknih.cz/uzivatel/profil/Market162,,50,Český jazyk a komunikace pro střední školy 1. Pracovní sešit,Petra Adámková,Didaktis,https://www.trhknih.cz/kniha/2vlmev,   978-80-7358-167-1   ,2010,1,   
Incunable,https://www.trhknih.cz/uzivatel/profil/Incunable,Pustkovec,70,Český jazyk a komunikace pro střední školy 1. Pracovní sešit,Petra Adámková,Didaktis,https://www.trhknih.cz/kniha/2vlmev,   978-80-7358-167-1   ,2010,1,   
klara4444,https://www.trhknih.cz/uzivatel/profil/klara4444,Český Těšín,70,Český jazyk a komunikace pro střední školy 1. Pracovní sešit,Petra Adámková,Didaktis,https://www.trhknih.cz/kniha/2vlmev,   978-80-7358-167-1   ,2010,1,   
Danakol1,https://www.trhknih.cz/uzivatel/profil/Danakol1,Zdiby,90,Český jazyk a komunikace pro střední školy 1. Pracovní sešit,Petra Adámková,Didaktis,https://www.trhknih.cz/kniha/2vlmev,   978-80-7358-167-1   ,2010,1,   
eliskapobucka,https://www.trhknih.cz/uzivatel/profil/eliskapobucka,,100,Český jazyk a komunikace pro střední školy 1. Pracovní sešit,Petra Adámková,Didaktis,https://www.trhknih.cz/kniha/2vlmev,   978-80-7358-167-1   ,2010,1,   
tyna_sebova,https://www.trhknih.cz/uzivatel/profil/tyna_sebova,Smíchov,50,Český jazyk a komunikace pro střední školy 1. Pracovní sešit,Petra Adámková,Didaktis,https://www.trhknih.cz/kniha/2vlmev,   978-80-7358-167-1   ,2010,1,   
Romulanka,https://www.trhknih.cz/uzivatel/profil/Romulanka,"Černý Most, 																			Staré Město",50,Český jazyk a komunikace pro střední školy 1. Pracovní sešit,Petra Adámková,Didaktis,https://www.trhknih.cz/kniha/2vlmev,   978-80-7358-167-1   ,2010,1,   
Elis96,https://www.trhknih.cz/uzivatel/profil/Elis96,Česká Třebová,100,Český jazyk a komunikace pro střední školy 1. Pracovní sešit,Petra Adámková,Didaktis,https://www.trhknih.cz/kniha/2vlmev,   978-80-7358-167-1   ,2010,1,   
adela.jag,https://www.trhknih.cz/uzivatel/profil/adela.jag,,50,Český jazyk a komunikace pro střední školy 1. Pracovní sešit,Petra Adámková,Didaktis,https://www.trhknih.cz/kniha/2vlmev,   978-80-7358-167-1   ,2010,1,   
adel217,https://www.trhknih.cz/uzivatel/profil/adel217,"Břevnov, 																			Zlín",50,Český jazyk a komunikace pro střední školy 1. Pracovní sešit,Petra Adámková,Didaktis,https://www.trhknih.cz/kniha/2vlmev,   978-80-7358-167-1   ,2010,1,   
Veraon,https://www.trhknih.cz/uzivatel/profil/Veraon,Libochovice,63,Český jazyk a komunikace pro střední školy 1. Pracovní sešit,Petra Adámková,Didaktis,https://www.trhknih.cz/kniha/2vlmev,   978-80-7358-167-1   ,2010,1,   
Xenie18,https://www.trhknih.cz/uzivatel/profil/Xenie18,Chodov,120,Český jazyk a komunikace pro střední školy 1. Pracovní sešit,Petra Adámková,Didaktis,https://www.trhknih.cz/kniha/2vlmev,   978-80-7358-167-1   ,2010,1,   
tran11,https://www.trhknih.cz/uzivatel/profil/tran11,Veveří,75,Český jazyk a komunikace pro střední školy 1. Pracovní sešit,Petra Adámková,Didaktis,https://www.trhknih.cz/kniha/2vlmev,   978-80-7358-167-1   ,2010,1,   
reknihy,https://www.trhknih.cz/uzivatel/profil/reknihy,,129,Český jazyk a komunikace pro střední školy 1. Pracovní sešit,Petra Adámková,Didaktis,https://www.trhknih.cz/kniha/2vlmev,   978-80-7358-167-1   ,2010,1,   
levika,https://www.trhknih.cz/uzivatel/profil/levika,Brno-město,50,Český jazyk a komunikace pro střední školy 1. Pracovní sešit,Petra Adámková,Didaktis,https://www.trhknih.cz/kniha/2vlmev,   978-80-7358-167-1   ,2010,1,   
edamiti,https://www.trhknih.cz/uzivatel/profil/edamiti,Kunčice pod Ondřejníkem,90,Český jazyk a komunikace pro střední školy 1. Pracovní sešit,Petra Adámková,Didaktis,https://www.trhknih.cz/kniha/2vlmev,   978-80-7358-167-1   ,2010,1,   
maleckovak,https://www.trhknih.cz/uzivatel/profil/maleckovak,"Hostivař, 																			Nové Město",125,Český jazyk a komunikace pro střední školy 1. Pracovní sešit,Petra Adámková,Didaktis,https://www.trhknih.cz/kniha/2vlmev,   978-80-7358-167-1   ,2010,1,   
iti,https://www.trhknih.cz/uzivatel/profil/iti,"Rajhrad, 																			Židlochovice",50,Český jazyk a komunikace pro střední školy 1. Pracovní sešit,Petra Adámková,Didaktis,https://www.trhknih.cz/kniha/2vlmev,   978-80-7358-167-1   ,2010,1,   
Ender551,https://www.trhknih.cz/uzivatel/profil/Ender551,Plzeň Vnitřní Město,50,Zpráva o nemocech slavných,Ivan Lesný,Víkend,https://www.trhknih.cz/kniha/2qgz5u,80-900331-8-0      ,1991,  ,   
gustlik6,https://www.trhknih.cz/uzivatel/profil/gustlik6,"Havířov Město, 																			Moravská Ostrava, 																			Šenov",50,Zpráva o nemocech slavných,Ivan Lesný,Víkend,https://www.trhknih.cz/kniha/2qgz5u,80-900331-8-0      ,1991,  ,   
LukasS,https://www.trhknih.cz/uzivatel/profil/LukasS,Vyškov-Město,50,Zpráva o nemocech slavných,Ivan Lesný,Víkend,https://www.trhknih.cz/kniha/2qgz5u,80-900331-8-0      ,1991,  ,   
samovakniha,https://www.trhknih.cz/uzivatel/profil/samovakniha,Pardubice-Staré Město,50,Zpráva o nemocech slavných,Ivan Lesný,Víkend,https://www.trhknih.cz/kniha/2qgz5u,80-900331-8-0      ,1991,  ,   
KamilM,https://www.trhknih.cz/uzivatel/profil/KamilM,Modřany,50,Zpráva o nemocech slavných,Ivan Lesný,Víkend,https://www.trhknih.cz/kniha/2qgz5u,80-900331-8-0      ,1991,  ,   
Romiss,https://www.trhknih.cz/uzivatel/profil/Romiss,Bubeneč,50,Zpráva o nemocech slavných,Ivan Lesný,Víkend,https://www.trhknih.cz/kniha/2qgz5u,80-900331-8-0      ,1991,  ,   
AntikAvion,https://www.trhknih.cz/uzivatel/profil/AntikAvion,Liberec I-Staré Město,76,Zpráva o nemocech slavných,Ivan Lesný,Víkend,https://www.trhknih.cz/kniha/2qgz5u,80-900331-8-0      ,1991,  ,   
Brumeva,https://www.trhknih.cz/uzivatel/profil/Brumeva,"Dejvice, 																			Strašnice",90,Barok - zlatý věk myslivosti,Petr Martan,Papyrus,https://www.trhknih.cz/kniha/zznnh, 80-901111-8-1     ,1992,  ,   
Antikvariat_Radost,https://www.trhknih.cz/uzivatel/profil/Antikvariat_Radost,Královo Pole,87,Barok - zlatý věk myslivosti,Petr Martan,Papyrus,https://www.trhknih.cz/kniha/zznnh, 80-901111-8-1     ,1992,  ,   
Vera07,https://www.trhknih.cz/uzivatel/profil/Vera07,Brno-město,89,Barok - zlatý věk myslivosti,Petr Martan,Papyrus,https://www.trhknih.cz/kniha/zznnh, 80-901111-8-1     ,1992,  ,   
Janinna,https://www.trhknih.cz/uzivatel/profil/Janinna,Odry,85,Barok - zlatý věk myslivosti,Petr Martan,Papyrus,https://www.trhknih.cz/kniha/zznnh, 80-901111-8-1     ,1992,  ,   
Kristian22,https://www.trhknih.cz/uzivatel/profil/Kristian22,České Budějovice 6,60,Barok - zlatý věk myslivosti,Petr Martan,Papyrus,https://www.trhknih.cz/kniha/zznnh, 80-901111-8-1     ,1992,  ,   
lamich2,https://www.trhknih.cz/uzivatel/profil/lamich2,"Kateřinky, 																			Zábřeh",75,Barok - zlatý věk myslivosti,Petr Martan,Papyrus,https://www.trhknih.cz/kniha/zznnh, 80-901111-8-1     ,1992,  ,   
Ajap2020,https://www.trhknih.cz/uzivatel/profil/Ajap2020,"Hořovice, 																			Zličín",90,Barok - zlatý věk myslivosti,Petr Martan,Papyrus,https://www.trhknih.cz/kniha/zznnh, 80-901111-8-1     ,1992,  ,   
fialovad,https://www.trhknih.cz/uzivatel/profil/fialovad,"Brno-město, 																			Hodonín",150,Zajatkyně,Shannon Drake,Domino,https://www.trhknih.cz/kniha/1c49c8,   80-7303-061-6   ,2002, Vyd. 1. , česky  
radimapasek,https://www.trhknih.cz/uzivatel/profil/radimapasek,Kutná Hora-Vnitřní Město,149,Zajatkyně,Shannon Drake,Domino,https://www.trhknih.cz/kniha/1c49c8,   80-7303-061-6   ,2002, Vyd. 1. , česky  
raymond,https://www.trhknih.cz/uzivatel/profil/raymond,,120,Zajatkyně,Shannon Drake,Domino,https://www.trhknih.cz/kniha/1c49c8,   80-7303-061-6   ,2002, Vyd. 1. , česky  
KTC,https://www.trhknih.cz/uzivatel/profil/KTC,,90,Zajatkyně,Shannon Drake,Domino,https://www.trhknih.cz/kniha/1c49c8,   80-7303-061-6   ,2002, Vyd. 1. , česky  
Trrr,https://www.trhknih.cz/uzivatel/profil/Trrr,Říčany,350,Mulan,,Egmont,https://www.trhknih.cz/kniha/2zdhsy,    80-7186-271-1  ,1998, 1. vyd. , česky  
Knihomil,https://www.trhknih.cz/uzivatel/profil/Knihomil,Lípa,345,Mulan,,Egmont,https://www.trhknih.cz/kniha/2zdhsy,    80-7186-271-1  ,1998, 1. vyd. , česky  
AntikAvion,https://www.trhknih.cz/uzivatel/profil/AntikAvion,Liberec I-Staré Město,604,Mulan,,Egmont,https://www.trhknih.cz/kniha/2zdhsy,    80-7186-271-1  ,1998, 1. vyd. , česky  
druhydomov,https://www.trhknih.cz/uzivatel/profil/druhydomov,Olomouc,350,Mulan,,Egmont,https://www.trhknih.cz/kniha/2zdhsy,    80-7186-271-1  ,1998, 1. vyd. , česky  
reknihy,https://www.trhknih.cz/uzivatel/profil/reknihy,,459,Mulan,,Egmont,https://www.trhknih.cz/kniha/2zdhsy,    80-7186-271-1  ,1998, 1. vyd. , česky  
Knihyprodej,https://www.trhknih.cz/uzivatel/profil/Knihyprodej,Horní Počernice,199,"Příroda Kokořínska a Mělnicka = The Nature of the Kokořín and Mělník regions, central Bohemia : [sborník prací z ochrany přírody]",,Agentura ochrany přírody a krajiny České republiky,https://www.trhknih.cz/kniha/pkqc1,   80-86064-00-X   ,1996,  ,česky   
rubus32,https://www.trhknih.cz/uzivatel/profil/rubus32,České Budějovice 2,200,"Příroda Kokořínska a Mělnicka = The Nature of the Kokořín and Mělník regions, central Bohemia : [sborník prací z ochrany přírody]",,Agentura ochrany přírody a krajiny České republiky,https://www.trhknih.cz/kniha/pkqc1,   80-86064-00-X   ,1996,  ,česky   
hanastacia,https://www.trhknih.cz/uzivatel/profil/hanastacia,Hradec Králové,100,Hovory s porodní bábou rozhovor Jany Doležalové s registrovanou porodní asistentkou Ivanou Königsmarkovou,Ivana Königsmarková,Argo,https://www.trhknih.cz/kniha/24q2j4,   80-7203-792-7   ,2006, Vyd. 1. ,   
rosticzech,https://www.trhknih.cz/uzivatel/profil/rosticzech,"Humpolec, 																			Sázava",130,Hovory s porodní bábou rozhovor Jany Doležalové s registrovanou porodní asistentkou Ivanou Königsmarkovou,Ivana Königsmarková,Argo,https://www.trhknih.cz/kniha/24q2j4,   80-7203-792-7   ,2006, Vyd. 1. ,   
marcelkupka,https://www.trhknih.cz/uzivatel/profil/marcelkupka,,126,Hovory s porodní bábou rozhovor Jany Doležalové s registrovanou porodní asistentkou Ivanou Königsmarkovou,Ivana Königsmarková,Argo,https://www.trhknih.cz/kniha/24q2j4,   80-7203-792-7   ,2006, Vyd. 1. ,   
martina0126,https://www.trhknih.cz/uzivatel/profil/martina0126,Tvarožná,140,Hovory s porodní bábou rozhovor Jany Doležalové s registrovanou porodní asistentkou Ivanou Königsmarkovou,Ivana Königsmarková,Argo,https://www.trhknih.cz/kniha/24q2j4,   80-7203-792-7   ,2006, Vyd. 1. ,   
Zwedy,https://www.trhknih.cz/uzivatel/profil/Zwedy,,80,Hovory s porodní bábou rozhovor Jany Doležalové s registrovanou porodní asistentkou Ivanou Königsmarkovou,Ivana Königsmarková,Argo,https://www.trhknih.cz/kniha/24q2j4,   80-7203-792-7   ,2006, Vyd. 1. ,   
reknihy,https://www.trhknih.cz/uzivatel/profil/reknihy,,129,Hovory s porodní bábou rozhovor Jany Doležalové s registrovanou porodní asistentkou Ivanou Königsmarkovou,Ivana Königsmarková,Argo,https://www.trhknih.cz/kniha/24q2j4,   80-7203-792-7   ,2006, Vyd. 1. ,   
Anetqua,https://www.trhknih.cz/uzivatel/profil/Anetqua,Kolín I,100,Hovory s porodní bábou rozhovor Jany Doležalové s registrovanou porodní asistentkou Ivanou Königsmarkovou,Ivana Königsmarková,Argo,https://www.trhknih.cz/kniha/24q2j4,   80-7203-792-7   ,2006, Vyd. 1. ,   
Luvr,https://www.trhknih.cz/uzivatel/profil/Luvr,,220,Hovory s porodní bábou rozhovor Jany Doležalové s registrovanou porodní asistentkou Ivanou Königsmarkovou,Ivana Königsmarková,Argo,https://www.trhknih.cz/kniha/24q2j4,   80-7203-792-7   ,2006, Vyd. 1. ,   
KamilM,https://www.trhknih.cz/uzivatel/profil/KamilM,Modřany,95,Hovory s porodní bábou rozhovor Jany Doležalové s registrovanou porodní asistentkou Ivanou Königsmarkovou,Ivana Königsmarková,Argo,https://www.trhknih.cz/kniha/24q2j4,   80-7203-792-7   ,2006, Vyd. 1. ,   
B-L-A-U-E-R,https://www.trhknih.cz/uzivatel/profil/B-L-A-U-E-R,,80,Hovory s porodní bábou rozhovor Jany Doležalové s registrovanou porodní asistentkou Ivanou Königsmarkovou,Ivana Königsmarková,Argo,https://www.trhknih.cz/kniha/24q2j4,   80-7203-792-7   ,2006, Vyd. 1. ,   
121knihomol,https://www.trhknih.cz/uzivatel/profil/121knihomol,,115,Hovory s porodní bábou rozhovor Jany Doležalové s registrovanou porodní asistentkou Ivanou Königsmarkovou,Ivana Königsmarková,Argo,https://www.trhknih.cz/kniha/24q2j4,   80-7203-792-7   ,2006, Vyd. 1. ,   
yva78,https://www.trhknih.cz/uzivatel/profil/yva78,Rybárny,100,Hovory s porodní bábou rozhovor Jany Doležalové s registrovanou porodní asistentkou Ivanou Königsmarkovou,Ivana Königsmarková,Argo,https://www.trhknih.cz/kniha/24q2j4,   80-7203-792-7   ,2006, Vyd. 1. ,   
AntikAvion,https://www.trhknih.cz/uzivatel/profil/AntikAvion,Liberec I-Staré Město,76,"Psi, kteří štěkají, nekoušou? pověry a předsudky o psech",Imke Niewöhner,Grada,https://www.trhknih.cz/kniha/1544od,    978-80-247-2598-7  ,2009, 1. vyd. , česky  
rarda,https://www.trhknih.cz/uzivatel/profil/rarda,Karlín,50,"Psi, kteří štěkají, nekoušou? pověry a předsudky o psech",Imke Niewöhner,Grada,https://www.trhknih.cz/kniha/1544od,    978-80-247-2598-7  ,2009, 1. vyd. , česky  
KTC,https://www.trhknih.cz/uzivatel/profil/KTC,,50,"Psi, kteří štěkají, nekoušou? pověry a předsudky o psech",Imke Niewöhner,Grada,https://www.trhknih.cz/kniha/1544od,    978-80-247-2598-7  ,2009, 1. vyd. , česky  
AntikAvion,https://www.trhknih.cz/uzivatel/profil/AntikAvion,Liberec I-Staré Město,77,"Psi, kteří štěkají, nekoušou? pověry a předsudky o psech",Imke Niewöhner,Grada,https://www.trhknih.cz/kniha/1544od,    978-80-247-2598-7  ,2009, 1. vyd. , česky  
Helena54,https://www.trhknih.cz/uzivatel/profil/Helena54,Dobré,60,"Psi, kteří štěkají, nekoušou? pověry a předsudky o psech",Imke Niewöhner,Grada,https://www.trhknih.cz/kniha/1544od,    978-80-247-2598-7  ,2009, 1. vyd. , česky  
Broucek01,https://www.trhknih.cz/uzivatel/profil/Broucek01,Nusle,250,Světová encyklopedie lokomotiv úplný přehled nejproslulejších lokomotiv světa,Colin Garratt,Rebo,https://www.trhknih.cz/kniha/8aoj1,   80-7234-010-7   ,1999,  ,česky   
AntikAvion,https://www.trhknih.cz/uzivatel/profil/AntikAvion,Liberec I-Staré Město,351,Světová encyklopedie lokomotiv úplný přehled nejproslulejších lokomotiv světa,Colin Garratt,Rebo,https://www.trhknih.cz/kniha/8aoj1,   80-7234-010-7   ,1999,  ,česky   
mikiki,https://www.trhknih.cz/uzivatel/profil/mikiki,Zlín,50,Miluj mě víc,"kolektiv autorů, 																Michal Viewegh",Listen,https://www.trhknih.cz/kniha/2h9osl,   80-86526-98-4 80-902360-9-X  ,2005,  3. vyd.,   
cyberswifter75,https://www.trhknih.cz/uzivatel/profil/cyberswifter75,Stodůlky,100,Miluj mě víc,"kolektiv autorů, 																Michal Viewegh",Listen,https://www.trhknih.cz/kniha/2h9osl,   80-86526-98-4 80-902360-9-X  ,2005,  3. vyd.,   
JirkaJP,https://www.trhknih.cz/uzivatel/profil/JirkaJP,,50,Miluj mě víc,"kolektiv autorů, 																Michal Viewegh",Listen,https://www.trhknih.cz/kniha/2h9osl,   80-86526-98-4 80-902360-9-X  ,2005,  3. vyd.,   
veverus01,https://www.trhknih.cz/uzivatel/profil/veverus01,"Černotín, 																			Hranice I-Město",75,Miluj mě víc,"kolektiv autorů, 																Michal Viewegh",Listen,https://www.trhknih.cz/kniha/2h9osl,   80-86526-98-4 80-902360-9-X  ,2005,  3. vyd.,   
AntikAvion,https://www.trhknih.cz/uzivatel/profil/AntikAvion,Liberec I-Staré Město,351,Náš vesmír,Josip Kleczek,Albatros,https://www.trhknih.cz/kniha/2010mv,   80-00-01425-4   ,2005, 1. vyd. ,   
Zubana,https://www.trhknih.cz/uzivatel/profil/Zubana,Záběhlice,150,Náš vesmír,Josip Kleczek,Albatros,https://www.trhknih.cz/kniha/2010mv,   80-00-01425-4   ,2005, 1. vyd. ,   
AntikAvion,https://www.trhknih.cz/uzivatel/profil/AntikAvion,Liberec I-Staré Město,351,Náš vesmír,Josip Kleczek,Albatros,https://www.trhknih.cz/kniha/2010mv,   80-00-01425-4   ,2005, 1. vyd. ,   
flutika,https://www.trhknih.cz/uzivatel/profil/flutika,Nové Město,399,Velké dějiny zemí Koruny české VIII. - 1618–1683,"Jiří Mikulec,  Jiří Kaše,  Ivana Čornejová,  Vít Vlnas",Ladislav Horáček-Paseka,https://www.trhknih.cz/kniha/2r1a1t,   978-80-7185-947-5   ,2008,1,   
croacon,https://www.trhknih.cz/uzivatel/profil/croacon,,444,Velké dějiny zemí Koruny české VIII. - 1618–1683,"Jiří Mikulec,  Jiří Kaše,  Ivana Čornejová,  Vít Vlnas",Ladislav Horáček-Paseka,https://www.trhknih.cz/kniha/2r1a1t,   978-80-7185-947-5   ,2008,1,   
Joo,https://www.trhknih.cz/uzivatel/profil/Joo,,790,Velké dějiny zemí Koruny české VIII. - 1618–1683,"Jiří Mikulec,  Jiří Kaše,  Ivana Čornejová,  Vít Vlnas",Ladislav Horáček-Paseka,https://www.trhknih.cz/kniha/2r1a1t,   978-80-7185-947-5   ,2008,1,   
Pitryx,https://www.trhknih.cz/uzivatel/profil/Pitryx,Zlín,399,Černý hřebec,Walter Farley,Albatros,https://www.trhknih.cz/kniha/22h58y,    80-00-00716-9  ,1999, 1. vyd. , česky  
kuna,https://www.trhknih.cz/uzivatel/profil/kuna,Smíchov,510,Černý hřebec,Walter Farley,Albatros,https://www.trhknih.cz/kniha/22h58y,    80-00-00716-9  ,1999, 1. vyd. , česky  
bety12,https://www.trhknih.cz/uzivatel/profil/bety12,,430,Černý hřebec,Walter Farley,Albatros,https://www.trhknih.cz/kniha/22h58y,    80-00-00716-9  ,1999, 1. vyd. , česky  
Knihomil,https://www.trhknih.cz/uzivatel/profil/Knihomil,Lípa,299,Černý hřebec,Walter Farley,Albatros,https://www.trhknih.cz/kniha/22h58y,    80-00-00716-9  ,1999, 1. vyd. , česky  
AntikAvion,https://www.trhknih.cz/uzivatel/profil/AntikAvion,Liberec I-Staré Město,351,Černý hřebec,Walter Farley,Albatros,https://www.trhknih.cz/kniha/22h58y,    80-00-00716-9  ,1999, 1. vyd. , česky  
B-L-A-U-E-R,https://www.trhknih.cz/uzivatel/profil/B-L-A-U-E-R,,400,Černý hřebec,Walter Farley,Albatros,https://www.trhknih.cz/kniha/22h58y,    80-00-00716-9  ,1999, 1. vyd. , česky  
Aesinka,https://www.trhknih.cz/uzivatel/profil/Aesinka,Kroměříž,200,Černý hřebec,Walter Farley,Albatros,https://www.trhknih.cz/kniha/22h58y,    80-00-00716-9  ,1999, 1. vyd. , česky  
Tikitaka,https://www.trhknih.cz/uzivatel/profil/Tikitaka,,320,Černý hřebec,Walter Farley,Albatros,https://www.trhknih.cz/kniha/22h58y,    80-00-00716-9  ,1999, 1. vyd. , česky  
AntikAvion,https://www.trhknih.cz/uzivatel/profil/AntikAvion,Liberec I-Staré Město,351,Černý hřebec,Walter Farley,Albatros,https://www.trhknih.cz/kniha/22h58y,    80-00-00716-9  ,1999, 1. vyd. , česky  
ctenda,https://www.trhknih.cz/uzivatel/profil/ctenda,Mělník,220,Černý hřebec,Walter Farley,Albatros,https://www.trhknih.cz/kniha/22h58y,    80-00-00716-9  ,1999, 1. vyd. , česky  
reknihy,https://www.trhknih.cz/uzivatel/profil/reknihy,,129,Černý hřebec,Walter Farley,Albatros,https://www.trhknih.cz/kniha/22h58y,    80-00-00716-9  ,1999, 1. vyd. , česky  
Vuyst,https://www.trhknih.cz/uzivatel/profil/Vuyst,,95,Kámen vládců (rytířská romance),Luisa Nováková,Akcent,https://www.trhknih.cz/kniha/1jdkmg,  80-238-1710-8    ,1997, Vyd. 1. ,   
Amalie1,https://www.trhknih.cz/uzivatel/profil/Amalie1,,120,Kámen vládců (rytířská romance),Luisa Nováková,Akcent,https://www.trhknih.cz/kniha/1jdkmg,  80-238-1710-8    ,1997, Vyd. 1. ,   
Tomik1,https://www.trhknih.cz/uzivatel/profil/Tomik1,,100,Kámen vládců (rytířská romance),Luisa Nováková,Akcent,https://www.trhknih.cz/kniha/1jdkmg,  80-238-1710-8    ,1997, Vyd. 1. ,   
eileen67,https://www.trhknih.cz/uzivatel/profil/eileen67,,50,Francouzská riviéra Průvodce na cesty s osvědčenými tipy,Günter Treffer,KadeL,https://www.trhknih.cz/kniha/2jffpn,  80-85393-20-4    ,1991, 1. vyd. ,   
AntikAvion,https://www.trhknih.cz/uzivatel/profil/AntikAvion,Liberec I-Staré Město,65,Francouzská riviéra Průvodce na cesty s osvědčenými tipy,Günter Treffer,KadeL,https://www.trhknih.cz/kniha/2jffpn,  80-85393-20-4    ,1991, 1. vyd. ,   
Knihyprodej,https://www.trhknih.cz/uzivatel/profil/Knihyprodej,Horní Počernice,120,Český jazyk a literatura základní obtížnost,František Brož,Ústav pro informace ve vzdělávání,https://www.trhknih.cz/kniha/1r4tg7,  80-211-0376-0    ,2001, 1. vyd. ,   
Cesminka,https://www.trhknih.cz/uzivatel/profil/Cesminka,Borovina,120,Český jazyk a literatura základní obtížnost,František Brož,Ústav pro informace ve vzdělávání,https://www.trhknih.cz/kniha/1r4tg7,  80-211-0376-0    ,2001, 1. vyd. ,   
eliskapobucka,https://www.trhknih.cz/uzivatel/profil/eliskapobucka,Zábřeh,80,Český jazyk a literatura základní obtížnost,František Brož,Ústav pro informace ve vzdělávání,https://www.trhknih.cz/kniha/1r4tg7,  80-211-0376-0    ,2001, 1. vyd. ,   
Orsaken,https://www.trhknih.cz/uzivatel/profil/Orsaken,Bakov nad Jizerou,60,Grilování,,Ottovo nakladatelství,https://www.trhknih.cz/kniha/ug5wl,   978-80-7360-846-0   ,2009,  ,česky   
ivo30mp,https://www.trhknih.cz/uzivatel/profil/ivo30mp,Černé Voděrady,50,Grilování,,Ottovo nakladatelství,https://www.trhknih.cz/kniha/ug5wl,   978-80-7360-846-0   ,2009,  ,česky   
mates12,https://www.trhknih.cz/uzivatel/profil/mates12,Dejvice,50,Grilování,,Ottovo nakladatelství,https://www.trhknih.cz/kniha/ug5wl,   978-80-7360-846-0   ,2009,  ,česky   
AntikAvion,https://www.trhknih.cz/uzivatel/profil/AntikAvion,Liberec I-Staré Město,604,"Obrázková angličtina. 2, - Ovocie, zelenina",,Kupka,https://www.trhknih.cz/kniha/3eyy9r,   978-80-87020-46-3   ,2008, 1. vyd. ," anglicky, slovensky  "
vetesnik,https://www.trhknih.cz/uzivatel/profil/vetesnik,Litovel,240,Aegypten Reisebilder aus dem Orient = Egypt : travel sketches from the Orient = Egypt : obrázky z cesty po Orientu = Egypt : obrázky z cesty po Oriente = Egypte : scènes de voyage en Orient,Karl Ludwig Libay,Set out,https://www.trhknih.cz/kniha/2l7fl6,   80-86277-50-X   ,2006,  ,"česky, anglicky, francouzsky, německy, slovensky   "
Bea01,https://www.trhknih.cz/uzivatel/profil/Bea01,Dejvice,220,Hygiena a epidemiologie,Milan Tuček,Karolinum,https://www.trhknih.cz/kniha/26oy9f,   978-80-246-2025-1   ,2012, 1. vyd. ,   
Helibar,https://www.trhknih.cz/uzivatel/profil/Helibar,"Bolevec, 																			Horní Bříza",50,Chaccova válka,Gert F. Unger,MOBA,https://www.trhknih.cz/kniha/ki5ha,  80-243-0001-X    ,1999,  ,česky   
hitmaker,https://www.trhknih.cz/uzivatel/profil/hitmaker,"České Budějovice 3, 																			Ledenice, 																			Netolice",150,Vesmír,"John R. Gribbin, překlad Pavel Příhoda",Knižní klub,https://www.trhknih.cz/kniha/98zb3d,     80-242-0936-5 ,2003,1,  česky 
radka86,https://www.trhknih.cz/uzivatel/profil/radka86,"Milevsko, 																			Tábor",250,Vesmír,"John R. Gribbin, překlad Pavel Příhoda",Knižní klub,https://www.trhknih.cz/kniha/98zb3d,     80-242-0936-5 ,2003,1,  česky 
hrana,https://www.trhknih.cz/uzivatel/profil/hrana,,50,Vesmír,"John R. Gribbin, překlad Pavel Příhoda",Knižní klub,https://www.trhknih.cz/kniha/98zb3d,     80-242-0936-5 ,2003,1,  česky 
reknihy,https://www.trhknih.cz/uzivatel/profil/reknihy,,129,Vesmír,"John R. Gribbin, překlad Pavel Příhoda",Knižní klub,https://www.trhknih.cz/kniha/98zb3d,     80-242-0936-5 ,2003,1,  česky 
AntikAvion,https://www.trhknih.cz/uzivatel/profil/AntikAvion,Liberec I-Staré Město,208,Vesmír,"John R. Gribbin, překlad Pavel Příhoda",Knižní klub,https://www.trhknih.cz/kniha/98zb3d,     80-242-0936-5 ,2003,1,  česky 
pavelno,https://www.trhknih.cz/uzivatel/profil/pavelno,,300,Vesmír,"John R. Gribbin, překlad Pavel Příhoda",Knižní klub,https://www.trhknih.cz/kniha/98zb3d,     80-242-0936-5 ,2003,1,  česky 
Knihomol25,https://www.trhknih.cz/uzivatel/profil/Knihomol25,"Dejvice, 																			Liboc",200,Vesmír,"John R. Gribbin, překlad Pavel Příhoda",Knižní klub,https://www.trhknih.cz/kniha/98zb3d,     80-242-0936-5 ,2003,1,  česky 
Vera07,https://www.trhknih.cz/uzivatel/profil/Vera07,Brno-město,69,Smrtící zkouška detektivní příběh z dostihového prostředí,Dick Francis,Olympia,https://www.trhknih.cz/kniha/3uyw4d,   80-7033-459-2   ,1997, 1. vyd. , česky  
paris2000,https://www.trhknih.cz/uzivatel/profil/paris2000,,50,Smrtící zkouška detektivní příběh z dostihového prostředí,Dick Francis,Olympia,https://www.trhknih.cz/kniha/3uyw4d,   80-7033-459-2   ,1997, 1. vyd. , česky  
vencap,https://www.trhknih.cz/uzivatel/profil/vencap,"Kolín III, 																			Nymburk, 																			Poděbrady III",90,Smrtící zkouška detektivní příběh z dostihového prostředí,Dick Francis,Olympia,https://www.trhknih.cz/kniha/3uyw4d,   80-7033-459-2   ,1997, 1. vyd. , česky  
Nakopci,https://www.trhknih.cz/uzivatel/profil/Nakopci,,74,Smrtící zkouška detektivní příběh z dostihového prostředí,Dick Francis,Olympia,https://www.trhknih.cz/kniha/3uyw4d,   80-7033-459-2   ,1997, 1. vyd. , česky  
JirkaJP,https://www.trhknih.cz/uzivatel/profil/JirkaJP,,65,Smrtící zkouška detektivní příběh z dostihového prostředí,Dick Francis,Olympia,https://www.trhknih.cz/kniha/3uyw4d,   80-7033-459-2   ,1997, 1. vyd. , česky  
miroslav1603,https://www.trhknih.cz/uzivatel/profil/miroslav1603,,50,Smrtící zkouška detektivní příběh z dostihového prostředí,Dick Francis,Olympia,https://www.trhknih.cz/kniha/3uyw4d,   80-7033-459-2   ,1997, 1. vyd. , česky  
Marc007,https://www.trhknih.cz/uzivatel/profil/Marc007,"Holešovice, 																			Pardubice-Staré Město, 																			Příbram I",50,Smrtící zkouška detektivní příběh z dostihového prostředí,Dick Francis,Olympia,https://www.trhknih.cz/kniha/3uyw4d,   80-7033-459-2   ,1997, 1. vyd. , česky  
AntikAvion,https://www.trhknih.cz/uzivatel/profil/AntikAvion,Liberec I-Staré Město,50,Smrtící zkouška detektivní příběh z dostihového prostředí,Dick Francis,Olympia,https://www.trhknih.cz/kniha/3uyw4d,   80-7033-459-2   ,1997, 1. vyd. , česky  
Rincewind,https://www.trhknih.cz/uzivatel/profil/Rincewind,Krč,50,Smrtící zkouška detektivní příběh z dostihového prostředí,Dick Francis,Olympia,https://www.trhknih.cz/kniha/3uyw4d,   80-7033-459-2   ,1997, 1. vyd. , česky  
Patison,https://www.trhknih.cz/uzivatel/profil/Patison,Šemanovice,50,Smrtící zkouška detektivní příběh z dostihového prostředí,Dick Francis,Olympia,https://www.trhknih.cz/kniha/3uyw4d,   80-7033-459-2   ,1997, 1. vyd. , česky  
Jose_Gonzalo,https://www.trhknih.cz/uzivatel/profil/Jose_Gonzalo,Radlice,75,Smrtící zkouška detektivní příběh z dostihového prostředí,Dick Francis,Olympia,https://www.trhknih.cz/kniha/3uyw4d,   80-7033-459-2   ,1997, 1. vyd. , česky  
kucerka,https://www.trhknih.cz/uzivatel/profil/kucerka,,50,Smrtící zkouška detektivní příběh z dostihového prostředí,Dick Francis,Olympia,https://www.trhknih.cz/kniha/3uyw4d,   80-7033-459-2   ,1997, 1. vyd. , česky  
Beduin75,https://www.trhknih.cz/uzivatel/profil/Beduin75,Háje,50,Smrtící zkouška detektivní příběh z dostihového prostředí,Dick Francis,Olympia,https://www.trhknih.cz/kniha/3uyw4d,   80-7033-459-2   ,1997, 1. vyd. , česky  
Mare-Czech,https://www.trhknih.cz/uzivatel/profil/Mare-Czech,Čimice,55,Smrtící zkouška detektivní příběh z dostihového prostředí,Dick Francis,Olympia,https://www.trhknih.cz/kniha/3uyw4d,   80-7033-459-2   ,1997, 1. vyd. , česky  
KTC,https://www.trhknih.cz/uzivatel/profil/KTC,,50,Smrtící zkouška detektivní příběh z dostihového prostředí,Dick Francis,Olympia,https://www.trhknih.cz/kniha/3uyw4d,   80-7033-459-2   ,1997, 1. vyd. , česky  
Petula77,https://www.trhknih.cz/uzivatel/profil/Petula77,,50,Smrtící zkouška detektivní příběh z dostihového prostředí,Dick Francis,Olympia,https://www.trhknih.cz/kniha/3uyw4d,   80-7033-459-2   ,1997, 1. vyd. , česky  
ibina,https://www.trhknih.cz/uzivatel/profil/ibina,,50,Smrtící zkouška detektivní příběh z dostihového prostředí,Dick Francis,Olympia,https://www.trhknih.cz/kniha/3uyw4d,   80-7033-459-2   ,1997, 1. vyd. , česky  
KTC,https://www.trhknih.cz/uzivatel/profil/KTC,,50,Smrtící zkouška detektivní příběh z dostihového prostředí,Dick Francis,Olympia,https://www.trhknih.cz/kniha/3uyw4d,   80-7033-459-2   ,1997, 1. vyd. , česky  
Ondrabubi,https://www.trhknih.cz/uzivatel/profil/Ondrabubi,"Modřany, 																			Vinohrady",50,Smrtící zkouška detektivní příběh z dostihového prostředí,Dick Francis,Olympia,https://www.trhknih.cz/kniha/3uyw4d,   80-7033-459-2   ,1997, 1. vyd. , česky  
ivkka22,https://www.trhknih.cz/uzivatel/profil/ivkka22,Kobylisy,50,Smrtící zkouška detektivní příběh z dostihového prostředí,Dick Francis,Olympia,https://www.trhknih.cz/kniha/3uyw4d,   80-7033-459-2   ,1997, 1. vyd. , česky  
Brook,https://www.trhknih.cz/uzivatel/profil/Brook,,60,Smrtící zkouška detektivní příběh z dostihového prostředí,Dick Francis,Olympia,https://www.trhknih.cz/kniha/3uyw4d,   80-7033-459-2   ,1997, 1. vyd. , česky  
antikvariatSemily,https://www.trhknih.cz/uzivatel/profil/antikvariatSemily,Semily,50,Smrtící zkouška detektivní příběh z dostihového prostředí,Dick Francis,Olympia,https://www.trhknih.cz/kniha/3uyw4d,   80-7033-459-2   ,1997, 1. vyd. , česky  
ladylevadule,https://www.trhknih.cz/uzivatel/profil/ladylevadule,,50,Smrtící zkouška detektivní příběh z dostihového prostředí,Dick Francis,Olympia,https://www.trhknih.cz/kniha/3uyw4d,   80-7033-459-2   ,1997, 1. vyd. , česky  
dasy55,https://www.trhknih.cz/uzivatel/profil/dasy55,,61,Smrtící zkouška detektivní příběh z dostihového prostředí,Dick Francis,Olympia,https://www.trhknih.cz/kniha/3uyw4d,   80-7033-459-2   ,1997, 1. vyd. , česky  
akt15,https://www.trhknih.cz/uzivatel/profil/akt15,Mšeno nad Nisou,55,Smrtící zkouška detektivní příběh z dostihového prostředí,Dick Francis,Olympia,https://www.trhknih.cz/kniha/3uyw4d,   80-7033-459-2   ,1997, 1. vyd. , česky  
AntikAvion,https://www.trhknih.cz/uzivatel/profil/AntikAvion,Liberec I-Staré Město,54,Smrtící zkouška detektivní příběh z dostihového prostředí,Dick Francis,Olympia,https://www.trhknih.cz/kniha/3uyw4d,   80-7033-459-2   ,1997, 1. vyd. , česky  
Raduna666,https://www.trhknih.cz/uzivatel/profil/Raduna666,Ústí nad Labem-centrum,50,Smrtící zkouška detektivní příběh z dostihového prostředí,Dick Francis,Olympia,https://www.trhknih.cz/kniha/3uyw4d,   80-7033-459-2   ,1997, 1. vyd. , česky  
Majkaxx,https://www.trhknih.cz/uzivatel/profil/Majkaxx,,50,Smrtící zkouška detektivní příběh z dostihového prostředí,Dick Francis,Olympia,https://www.trhknih.cz/kniha/3uyw4d,   80-7033-459-2   ,1997, 1. vyd. , česky  
babicka177,https://www.trhknih.cz/uzivatel/profil/babicka177,Rumburk 1,50,Smrtící zkouška detektivní příběh z dostihového prostředí,Dick Francis,Olympia,https://www.trhknih.cz/kniha/3uyw4d,   80-7033-459-2   ,1997, 1. vyd. , česky  
Bozenka1,https://www.trhknih.cz/uzivatel/profil/Bozenka1,,80,Smrtící zkouška detektivní příběh z dostihového prostředí,Dick Francis,Olympia,https://www.trhknih.cz/kniha/3uyw4d,   80-7033-459-2   ,1997, 1. vyd. , česky  
ABB,https://www.trhknih.cz/uzivatel/profil/ABB,,59,Smrtící zkouška detektivní příběh z dostihového prostředí,Dick Francis,Olympia,https://www.trhknih.cz/kniha/3uyw4d,   80-7033-459-2   ,1997, 1. vyd. , česky  
ivo30mp,https://www.trhknih.cz/uzivatel/profil/ivo30mp,Černé Voděrady,50,Smrtící zkouška detektivní příběh z dostihového prostředí,Dick Francis,Olympia,https://www.trhknih.cz/kniha/3uyw4d,   80-7033-459-2   ,1997, 1. vyd. , česky  
druhydomov,https://www.trhknih.cz/uzivatel/profil/druhydomov,Olomouc,55,Smrtící zkouška detektivní příběh z dostihového prostředí,Dick Francis,Olympia,https://www.trhknih.cz/kniha/3uyw4d,   80-7033-459-2   ,1997, 1. vyd. , česky  
jist,https://www.trhknih.cz/uzivatel/profil/jist,Ústí nad Labem-centrum,50,Smrtící zkouška detektivní příběh z dostihového prostředí,Dick Francis,Olympia,https://www.trhknih.cz/kniha/3uyw4d,   80-7033-459-2   ,1997, 1. vyd. , česky  
AntikAvion,https://www.trhknih.cz/uzivatel/profil/AntikAvion,Liberec I-Staré Město,54,Smrtící zkouška detektivní příběh z dostihového prostředí,Dick Francis,Olympia,https://www.trhknih.cz/kniha/3uyw4d,   80-7033-459-2   ,1997, 1. vyd. , česky  
vladimir3043,https://www.trhknih.cz/uzivatel/profil/vladimir3043,,50,Ctihodná Edel Quinnová,Karel Dachovský,Řád,https://www.trhknih.cz/kniha/5g7fhu,  80-86673-03-0    ,2005, 1. vyd. ,   
JR_da_Boss,https://www.trhknih.cz/uzivatel/profil/JR_da_Boss,"Hradčany, 																			Žižkov",50,Ctihodná Edel Quinnová,Karel Dachovský,Řád,https://www.trhknih.cz/kniha/5g7fhu,  80-86673-03-0    ,2005, 1. vyd. ,   
druhydomov,https://www.trhknih.cz/uzivatel/profil/druhydomov,Olomouc,120,Setkání,Bohumil Hrabal,Veduta - Bohumír Němec,https://www.trhknih.cz/kniha/5kkmwg,   978-80-86438-24-5   ,2008, Vyd. 1. ,   
Zuza1,https://www.trhknih.cz/uzivatel/profil/Zuza1,"Kostelec nad Labem, 																			Letňany",50,Mrtvý pohled,Bari Wood,Ikar,https://www.trhknih.cz/kniha/4bin4t,80-85830-54-X      ,1994,  ,česky   
ZelviDoupe,https://www.trhknih.cz/uzivatel/profil/ZelviDoupe,Mělník,75,Mrtvý pohled,Bari Wood,Ikar,https://www.trhknih.cz/kniha/4bin4t,80-85830-54-X      ,1994,  ,česky   
Marcella.ta,https://www.trhknih.cz/uzivatel/profil/Marcella.ta,Dejvice,50,Mrtvý pohled,Bari Wood,Ikar,https://www.trhknih.cz/kniha/4bin4t,80-85830-54-X      ,1994,  ,česky   
jessie08,https://www.trhknih.cz/uzivatel/profil/jessie08,,55,Mrtvý pohled,Bari Wood,Ikar,https://www.trhknih.cz/kniha/4bin4t,80-85830-54-X      ,1994,  ,česky   
KamilM,https://www.trhknih.cz/uzivatel/profil/KamilM,Modřany,50,Mrtvý pohled,Bari Wood,Ikar,https://www.trhknih.cz/kniha/4bin4t,80-85830-54-X      ,1994,  ,česky   
AntikAvion,https://www.trhknih.cz/uzivatel/profil/AntikAvion,Liberec I-Staré Město,50,Mrtvý pohled,Bari Wood,Ikar,https://www.trhknih.cz/kniha/4bin4t,80-85830-54-X      ,1994,  ,česky   
vladimir3043,https://www.trhknih.cz/uzivatel/profil/vladimir3043,,50,Mrtvý pohled,Bari Wood,Ikar,https://www.trhknih.cz/kniha/4bin4t,80-85830-54-X      ,1994,  ,česky   
fix111,https://www.trhknih.cz/uzivatel/profil/fix111,Hostivař,50,Mrtvý pohled,Bari Wood,Ikar,https://www.trhknih.cz/kniha/4bin4t,80-85830-54-X      ,1994,  ,česky   
COMBE,https://www.trhknih.cz/uzivatel/profil/COMBE,,50,Mrtvý pohled,Bari Wood,Ikar,https://www.trhknih.cz/kniha/4bin4t,80-85830-54-X      ,1994,  ,česky   
eileen67,https://www.trhknih.cz/uzivatel/profil/eileen67,,100,Mrtvý pohled,Bari Wood,Ikar,https://www.trhknih.cz/kniha/4bin4t,80-85830-54-X      ,1994,  ,česky   
Patison,https://www.trhknih.cz/uzivatel/profil/Patison,Šemanovice,50,Mrtvý pohled,Bari Wood,Ikar,https://www.trhknih.cz/kniha/4bin4t,80-85830-54-X      ,1994,  ,česky   
Jany,https://www.trhknih.cz/uzivatel/profil/Jany,Brno-město,50,Mrtvý pohled,Bari Wood,Ikar,https://www.trhknih.cz/kniha/4bin4t,80-85830-54-X      ,1994,  ,česky   
astina,https://www.trhknih.cz/uzivatel/profil/astina,,50,Mrtvý pohled,Bari Wood,Ikar,https://www.trhknih.cz/kniha/4bin4t,80-85830-54-X      ,1994,  ,česky   
AntikvariatLP,https://www.trhknih.cz/uzivatel/profil/AntikvariatLP,"Bubeneč, 																			Kladno",50,Mrtvý pohled,Bari Wood,Ikar,https://www.trhknih.cz/kniha/4bin4t,80-85830-54-X      ,1994,  ,česky   
bloud,https://www.trhknih.cz/uzivatel/profil/bloud,,50,Mrtvý pohled,Bari Wood,Ikar,https://www.trhknih.cz/kniha/4bin4t,80-85830-54-X      ,1994,  ,česky   
Bludka,https://www.trhknih.cz/uzivatel/profil/Bludka,Svítkov,50,Mrtvý pohled,Bari Wood,Ikar,https://www.trhknih.cz/kniha/4bin4t,80-85830-54-X      ,1994,  ,česky   
Beduin75,https://www.trhknih.cz/uzivatel/profil/Beduin75,Háje,50,Mrtvý pohled,Bari Wood,Ikar,https://www.trhknih.cz/kniha/4bin4t,80-85830-54-X      ,1994,  ,česky   
uca56,https://www.trhknih.cz/uzivatel/profil/uca56,Pardubice-Staré Město,50,Mrtvý pohled,Bari Wood,Ikar,https://www.trhknih.cz/kniha/4bin4t,80-85830-54-X      ,1994,  ,česky   
MakyDob,https://www.trhknih.cz/uzivatel/profil/MakyDob,"Nové Město, 																			Smíchov",50,Mrtvý pohled,Bari Wood,Ikar,https://www.trhknih.cz/kniha/4bin4t,80-85830-54-X      ,1994,  ,česky   
KamilM,https://www.trhknih.cz/uzivatel/profil/KamilM,Modřany,50,Mrtvý pohled,Bari Wood,Ikar,https://www.trhknih.cz/kniha/4bin4t,80-85830-54-X      ,1994,  ,česky   
Zdenek48,https://www.trhknih.cz/uzivatel/profil/Zdenek48,Hluboš,66,Mrtvý pohled,Bari Wood,Ikar,https://www.trhknih.cz/kniha/4bin4t,80-85830-54-X      ,1994,  ,česky   
aksudil.b,https://www.trhknih.cz/uzivatel/profil/aksudil.b,,60,Norsko turistický průvodce,"Phil Lee, překlad Dana Gardavská, překlad Dalibor Mahel",Jota,https://www.trhknih.cz/kniha/5p9r6u,      80-7217-339-1,2005,2,   česky
BLACK007,https://www.trhknih.cz/uzivatel/profil/BLACK007,Hradec Králové,120,Norsko turistický průvodce,"Phil Lee, překlad Dana Gardavská, překlad Dalibor Mahel",Jota,https://www.trhknih.cz/kniha/5p9r6u,      80-7217-339-1,2005,2,   česky
Agio,https://www.trhknih.cz/uzivatel/profil/Agio,Moravská Ostrava,200,Norsko turistický průvodce,"Phil Lee, překlad Dana Gardavská, překlad Dalibor Mahel",Jota,https://www.trhknih.cz/kniha/5p9r6u,      80-7217-339-1,2005,2,   česky
Fizzza,https://www.trhknih.cz/uzivatel/profil/Fizzza,,100,Norsko turistický průvodce,"Phil Lee, překlad Dana Gardavská, překlad Dalibor Mahel",Jota,https://www.trhknih.cz/kniha/5p9r6u,      80-7217-339-1,2005,2,   česky
Teva,https://www.trhknih.cz/uzivatel/profil/Teva,Chodov,199,Ilustrovaná historie nacismu vzestup a pád Adolfa Hitlera,Paul Roland,Svojtka & Co.,https://www.trhknih.cz/kniha/6oqm3d,    978-80-256-0314-7  ,2010, 1. české vyd. , česky  
Xaver,https://www.trhknih.cz/uzivatel/profil/Xaver,Malešice,130,Ilustrovaná historie nacismu vzestup a pád Adolfa Hitlera,Paul Roland,Svojtka & Co.,https://www.trhknih.cz/kniha/6oqm3d,    978-80-256-0314-7  ,2010, 1. české vyd. , česky  
bookreader,https://www.trhknih.cz/uzivatel/profil/bookreader,Čakovice,159,Ilustrovaná historie nacismu vzestup a pád Adolfa Hitlera,Paul Roland,Svojtka & Co.,https://www.trhknih.cz/kniha/6oqm3d,    978-80-256-0314-7  ,2010, 1. české vyd. , česky  
Darexaq,https://www.trhknih.cz/uzivatel/profil/Darexaq,Bučina,130,Ilustrovaná historie nacismu vzestup a pád Adolfa Hitlera,Paul Roland,Svojtka & Co.,https://www.trhknih.cz/kniha/6oqm3d,    978-80-256-0314-7  ,2010, 1. české vyd. , česky  
Fearnie,https://www.trhknih.cz/uzivatel/profil/Fearnie,,120,Ilustrovaná historie nacismu vzestup a pád Adolfa Hitlera,Paul Roland,Svojtka & Co.,https://www.trhknih.cz/kniha/6oqm3d,    978-80-256-0314-7  ,2010, 1. české vyd. , česky  
Nakopci,https://www.trhknih.cz/uzivatel/profil/Nakopci,,399,Trosečníci lodi Jonathan,Jules Verne,Návrat,https://www.trhknih.cz/kniha/72td5e,   80-7174-732-7   ,1994,  ,česky   
baksik,https://www.trhknih.cz/uzivatel/profil/baksik,,300,Trosečníci lodi Jonathan,Jules Verne,Návrat,https://www.trhknih.cz/kniha/72td5e,   80-7174-732-7   ,1994,  ,česky   
mios,https://www.trhknih.cz/uzivatel/profil/mios,Brno-město,300,Trosečníci lodi Jonathan,Jules Verne,Návrat,https://www.trhknih.cz/kniha/72td5e,   80-7174-732-7   ,1994,  ,česky   
JosefH,https://www.trhknih.cz/uzivatel/profil/JosefH,Uherské Hradiště,250,Trosečníci lodi Jonathan,Jules Verne,Návrat,https://www.trhknih.cz/kniha/72td5e,   80-7174-732-7   ,1994,  ,česky   
Trrr,https://www.trhknih.cz/uzivatel/profil/Trrr,Říčany,350,Trosečníci lodi Jonathan,Jules Verne,Návrat,https://www.trhknih.cz/kniha/72td5e,   80-7174-732-7   ,1994,  ,česky   
Aca,https://www.trhknih.cz/uzivatel/profil/Aca,Krč,790,Trosečníci lodi Jonathan,Jules Verne,Návrat,https://www.trhknih.cz/kniha/72td5e,   80-7174-732-7   ,1994,  ,česky   
seeadler,https://www.trhknih.cz/uzivatel/profil/seeadler,,230,Trosečníci lodi Jonathan,Jules Verne,Návrat,https://www.trhknih.cz/kniha/72td5e,   80-7174-732-7   ,1994,  ,česky   
tena,https://www.trhknih.cz/uzivatel/profil/tena,Budějovické Předměstí,200,Trosečníci lodi Jonathan,Jules Verne,Návrat,https://www.trhknih.cz/kniha/72td5e,   80-7174-732-7   ,1994,  ,česky   
AntikAvion,https://www.trhknih.cz/uzivatel/profil/AntikAvion,Liberec I-Staré Město,505,Trosečníci lodi Jonathan,Jules Verne,Návrat,https://www.trhknih.cz/kniha/72td5e,   80-7174-732-7   ,1994,  ,česky   
AntikAvion,https://www.trhknih.cz/uzivatel/profil/AntikAvion,Liberec I-Staré Město,461,Trosečníci lodi Jonathan,Jules Verne,Návrat,https://www.trhknih.cz/kniha/72td5e,   80-7174-732-7   ,1994,  ,česky   
Catman,https://www.trhknih.cz/uzivatel/profil/Catman,Zlín,950,Trosečníci lodi Jonathan,Jules Verne,Návrat,https://www.trhknih.cz/kniha/72td5e,   80-7174-732-7   ,1994,  ,česky   
Morgant,https://www.trhknih.cz/uzivatel/profil/Morgant,,320,Trosečníci lodi Jonathan,Jules Verne,Návrat,https://www.trhknih.cz/kniha/72td5e,   80-7174-732-7   ,1994,  ,česky   
olomouc,https://www.trhknih.cz/uzivatel/profil/olomouc,Olomouc,350,Trosečníci lodi Jonathan,Jules Verne,Návrat,https://www.trhknih.cz/kniha/72td5e,   80-7174-732-7   ,1994,  ,česky   
dasy55,https://www.trhknih.cz/uzivatel/profil/dasy55,,60,Kdo je Mr. Bean?,Daniel Stern,Knihcentrum,https://www.trhknih.cz/kniha/5nql9f,  80-86054-27-6    ,1998,  ,   
Max123,https://www.trhknih.cz/uzivatel/profil/Max123,Dubina,50,Kdo je Mr. Bean?,Daniel Stern,Knihcentrum,https://www.trhknih.cz/kniha/5nql9f,  80-86054-27-6    ,1998,  ,   
AntikAvion,https://www.trhknih.cz/uzivatel/profil/AntikAvion,Liberec I-Staré Město,55,Kdo je Mr. Bean?,Daniel Stern,Knihcentrum,https://www.trhknih.cz/kniha/5nql9f,  80-86054-27-6    ,1998,  ,   
Marrak,https://www.trhknih.cz/uzivatel/profil/Marrak,"Holešovice, 																			Pelhřimov",50,Kdo je Mr. Bean?,Daniel Stern,Knihcentrum,https://www.trhknih.cz/kniha/5nql9f,  80-86054-27-6    ,1998,  ,   
zdes,https://www.trhknih.cz/uzivatel/profil/zdes,České Budějovice 4,79,Kdo je Mr. Bean?,Daniel Stern,Knihcentrum,https://www.trhknih.cz/kniha/5nql9f,  80-86054-27-6    ,1998,  ,   
AntikAvion,https://www.trhknih.cz/uzivatel/profil/AntikAvion,Liberec I-Staré Město,54,Kdo je Mr. Bean?,Daniel Stern,Knihcentrum,https://www.trhknih.cz/kniha/5nql9f,  80-86054-27-6    ,1998,  ,   
Nathansson,https://www.trhknih.cz/uzivatel/profil/Nathansson,,50,Kdo je Mr. Bean?,Daniel Stern,Knihcentrum,https://www.trhknih.cz/kniha/5nql9f,  80-86054-27-6    ,1998,  ,   
Marcela303,https://www.trhknih.cz/uzivatel/profil/Marcela303,,50,Kdo je Mr. Bean?,Daniel Stern,Knihcentrum,https://www.trhknih.cz/kniha/5nql9f,  80-86054-27-6    ,1998,  ,   
ladylevadule,https://www.trhknih.cz/uzivatel/profil/ladylevadule,,50,Kdo je Mr. Bean?,Daniel Stern,Knihcentrum,https://www.trhknih.cz/kniha/5nql9f,  80-86054-27-6    ,1998,  ,   
Jany0,https://www.trhknih.cz/uzivatel/profil/Jany0,,60,Smrťárna,Jiří Pánek,Naše vojsko,https://www.trhknih.cz/kniha/51524o,  978-80-206-1059-1    ,2009, V českém jazyce vyd. 3. ,   
KamilM,https://www.trhknih.cz/uzivatel/profil/KamilM,Modřany,55,Smrťárna,Jiří Pánek,Naše vojsko,https://www.trhknih.cz/kniha/51524o,  978-80-206-1059-1    ,2009, V českém jazyce vyd. 3. ,   
Broucek01,https://www.trhknih.cz/uzivatel/profil/Broucek01,Nusle,50,Smrťárna,Jiří Pánek,Naše vojsko,https://www.trhknih.cz/kniha/51524o,  978-80-206-1059-1    ,2009, V českém jazyce vyd. 3. ,   
stepanstahl,https://www.trhknih.cz/uzivatel/profil/stepanstahl,,50,Smrťárna,Jiří Pánek,Naše vojsko,https://www.trhknih.cz/kniha/51524o,  978-80-206-1059-1    ,2009, V českém jazyce vyd. 3. ,   
bloud,https://www.trhknih.cz/uzivatel/profil/bloud,,50,Smrťárna,Jiří Pánek,Naše vojsko,https://www.trhknih.cz/kniha/51524o,  978-80-206-1059-1    ,2009, V českém jazyce vyd. 3. ,   
Venay,https://www.trhknih.cz/uzivatel/profil/Venay,,50,Sexuální výchova v rodině radost být matkou a také otcem,Oldřich Pšenička,Atd,https://www.trhknih.cz/kniha/6964oi,   80-901524-3-0   ,1995," 2., dopl. vyd. ",   
kmet05,https://www.trhknih.cz/uzivatel/profil/kmet05,"Nové Město, 																			Tábor",90,Sexuální výchova v rodině radost být matkou a také otcem,Oldřich Pšenička,Atd,https://www.trhknih.cz/kniha/6964oi,   80-901524-3-0   ,1995," 2., dopl. vyd. ",   
Monika22,https://www.trhknih.cz/uzivatel/profil/Monika22,Terezín,50,Sexuální výchova v rodině radost být matkou a také otcem,Oldřich Pšenička,Atd,https://www.trhknih.cz/kniha/6964oi,   80-901524-3-0   ,1995," 2., dopl. vyd. ",   
MartinvMartin,https://www.trhknih.cz/uzivatel/profil/MartinvMartin,Nymburk,51,Zrádná slova v angličtině,Josef Hladký,Státní pedagogické nakladatelství,https://www.trhknih.cz/kniha/57i9cv,  80-04-21834-2    ,1990, 1. vyd. ," česky, anglicky  "
Knihyprodej,https://www.trhknih.cz/uzivatel/profil/Knihyprodej,Horní Počernice,50,Zrádná slova v angličtině,Josef Hladký,Státní pedagogické nakladatelství,https://www.trhknih.cz/kniha/57i9cv,  80-04-21834-2    ,1990, 1. vyd. ," česky, anglicky  "
AntikAvion,https://www.trhknih.cz/uzivatel/profil/AntikAvion,Liberec I-Staré Město,76,Zrádná slova v angličtině,Josef Hladký,Státní pedagogické nakladatelství,https://www.trhknih.cz/kniha/57i9cv,  80-04-21834-2    ,1990, 1. vyd. ," česky, anglicky  "
ivo30mp,https://www.trhknih.cz/uzivatel/profil/ivo30mp,Černé Voděrady,50,Zrádná slova v angličtině,Josef Hladký,Státní pedagogické nakladatelství,https://www.trhknih.cz/kniha/57i9cv,  80-04-21834-2    ,1990, 1. vyd. ," česky, anglicky  "
neuwirtp,https://www.trhknih.cz/uzivatel/profil/neuwirtp,"Karlín, 																			Lhotka, 																			Nové Město",50,Zrádná slova v angličtině,Josef Hladký,Státní pedagogické nakladatelství,https://www.trhknih.cz/kniha/57i9cv,  80-04-21834-2    ,1990, 1. vyd. ," česky, anglicky  "
brita,https://www.trhknih.cz/uzivatel/profil/brita,"Blansko, 																			Brno-město",80,Zrádná slova v angličtině,Josef Hladký,Státní pedagogické nakladatelství,https://www.trhknih.cz/kniha/57i9cv,  80-04-21834-2    ,1990, 1. vyd. ," česky, anglicky  "
Denny232,https://www.trhknih.cz/uzivatel/profil/Denny232,Dejvice,90,Zrádná slova v angličtině,Josef Hladký,Státní pedagogické nakladatelství,https://www.trhknih.cz/kniha/57i9cv,  80-04-21834-2    ,1990, 1. vyd. ," česky, anglicky  "
AntikB612,https://www.trhknih.cz/uzivatel/profil/AntikB612,,100,Zrádná slova v angličtině,Josef Hladký,Státní pedagogické nakladatelství,https://www.trhknih.cz/kniha/57i9cv,  80-04-21834-2    ,1990, 1. vyd. ," česky, anglicky  "
SugiBugi,https://www.trhknih.cz/uzivatel/profil/SugiBugi,Místek,100,Zrádná slova v angličtině,Josef Hladký,Státní pedagogické nakladatelství,https://www.trhknih.cz/kniha/57i9cv,  80-04-21834-2    ,1990, 1. vyd. ," česky, anglicky  "
akce-le-race,https://www.trhknih.cz/uzivatel/profil/akce-le-race,,180,Zrádná slova v angličtině,Josef Hladký,Státní pedagogické nakladatelství,https://www.trhknih.cz/kniha/57i9cv,  80-04-21834-2    ,1990, 1. vyd. ," česky, anglicky  "
rezervainzerceknihy,https://www.trhknih.cz/uzivatel/profil/rezervainzerceknihy,,110,Zrádná slova v angličtině,Josef Hladký,Státní pedagogické nakladatelství,https://www.trhknih.cz/kniha/57i9cv,  80-04-21834-2    ,1990, 1. vyd. ," česky, anglicky  "
ivo30mp,https://www.trhknih.cz/uzivatel/profil/ivo30mp,Černé Voděrady,50,Zrádná slova v angličtině,Josef Hladký,Státní pedagogické nakladatelství,https://www.trhknih.cz/kniha/57i9cv,  80-04-21834-2    ,1990, 1. vyd. ," česky, anglicky  "
Medwa,https://www.trhknih.cz/uzivatel/profil/Medwa,Břevnov,50,Zrádná slova v angličtině,Josef Hladký,Státní pedagogické nakladatelství,https://www.trhknih.cz/kniha/57i9cv,  80-04-21834-2    ,1990, 1. vyd. ," česky, anglicky  "
ivo30mp,https://www.trhknih.cz/uzivatel/profil/ivo30mp,Černé Voděrady,50,Zrádná slova v angličtině,Josef Hladký,Státní pedagogické nakladatelství,https://www.trhknih.cz/kniha/57i9cv,  80-04-21834-2    ,1990, 1. vyd. ," česky, anglicky  "
Petrovo,https://www.trhknih.cz/uzivatel/profil/Petrovo,"Dejvice, 																			Nové Město, 																			Smíchov",55,Zrádná slova v angličtině,Josef Hladký,Státní pedagogické nakladatelství,https://www.trhknih.cz/kniha/57i9cv,  80-04-21834-2    ,1990, 1. vyd. ," česky, anglicky  "
ivo30mp,https://www.trhknih.cz/uzivatel/profil/ivo30mp,Černé Voděrady,50,Zrádná slova v angličtině,Josef Hladký,Státní pedagogické nakladatelství,https://www.trhknih.cz/kniha/57i9cv,  80-04-21834-2    ,1990, 1. vyd. ," česky, anglicky  "
sarka21,https://www.trhknih.cz/uzivatel/profil/sarka21,"České Budějovice 3, 																			Pelhřimov, 																			Soběslav I",50,Zrádná slova v angličtině,Josef Hladký,Státní pedagogické nakladatelství,https://www.trhknih.cz/kniha/57i9cv,  80-04-21834-2    ,1990, 1. vyd. ," česky, anglicky  "
Tikitaka,https://www.trhknih.cz/uzivatel/profil/Tikitaka,,70,Zrádná slova v angličtině,Josef Hladký,Státní pedagogické nakladatelství,https://www.trhknih.cz/kniha/57i9cv,  80-04-21834-2    ,1990, 1. vyd. ," česky, anglicky  "
knihar,https://www.trhknih.cz/uzivatel/profil/knihar,Sokolov,80,Noční křídla tajné mise plukovníka RAF Charlese Pickarda ...,Alexander Hamilton,Naše vojsko,https://www.trhknih.cz/kniha/74sbpp,    80-206-0719-6  ,2004, 1. české vyd. , česky  
asa,https://www.trhknih.cz/uzivatel/profil/asa,"Česká Lípa, 																			Nový Bor",125,Noční křídla tajné mise plukovníka RAF Charlese Pickarda ...,Alexander Hamilton,Naše vojsko,https://www.trhknih.cz/kniha/74sbpp,    80-206-0719-6  ,2004, 1. české vyd. , česky  
FowCalUp,https://www.trhknih.cz/uzivatel/profil/FowCalUp,,80,20 originálních zahrad,Tim Newbury,Knižní klub,https://www.trhknih.cz/kniha/79af4w,    80-242-0837-7  ,2002, Vyd. 1. , česky  
Kalman.lenka,https://www.trhknih.cz/uzivatel/profil/Kalman.lenka,,100,20 originálních zahrad,Tim Newbury,Knižní klub,https://www.trhknih.cz/kniha/79af4w,    80-242-0837-7  ,2002, Vyd. 1. , česky  
KatLa,https://www.trhknih.cz/uzivatel/profil/KatLa,,140,20 originálních zahrad,Tim Newbury,Knižní klub,https://www.trhknih.cz/kniha/79af4w,    80-242-0837-7  ,2002, Vyd. 1. , česky  
AlaAla1,https://www.trhknih.cz/uzivatel/profil/AlaAla1,,150,20 originálních zahrad,Tim Newbury,Knižní klub,https://www.trhknih.cz/kniha/79af4w,    80-242-0837-7  ,2002, Vyd. 1. , česky  
Michele13,https://www.trhknih.cz/uzivatel/profil/Michele13,,280,Druhá světová válka,H. P. Willmott,Knižní klub,https://www.trhknih.cz/kniha/641d8r,   80-242-1403-2   ,2005,  ,česky   
efkamer,https://www.trhknih.cz/uzivatel/profil/efkamer,"Bystrc, 																			Staré Brno, 																			Vršovice",249,Druhá světová válka,H. P. Willmott,Knižní klub,https://www.trhknih.cz/kniha/641d8r,   80-242-1403-2   ,2005,  ,česky   
AntikAvion,https://www.trhknih.cz/uzivatel/profil/AntikAvion,Liberec I-Staré Město,362,Druhá světová válka,H. P. Willmott,Knižní klub,https://www.trhknih.cz/kniha/641d8r,   80-242-1403-2   ,2005,  ,česky   
SONY,https://www.trhknih.cz/uzivatel/profil/SONY,,500,Druhá světová válka,H. P. Willmott,Knižní klub,https://www.trhknih.cz/kniha/641d8r,   80-242-1403-2   ,2005,  ,česky   
Zuzanan,https://www.trhknih.cz/uzivatel/profil/Zuzanan,,190,Druhá světová válka,H. P. Willmott,Knižní klub,https://www.trhknih.cz/kniha/641d8r,   80-242-1403-2   ,2005,  ,česky   
AntikAvion,https://www.trhknih.cz/uzivatel/profil/AntikAvion,Liberec I-Staré Město,329,Druhá světová válka,H. P. Willmott,Knižní klub,https://www.trhknih.cz/kniha/641d8r,   80-242-1403-2   ,2005,  ,česky   
kochba13,https://www.trhknih.cz/uzivatel/profil/kochba13,Modřany,300,Druhá světová válka,H. P. Willmott,Knižní klub,https://www.trhknih.cz/kniha/641d8r,   80-242-1403-2   ,2005,  ,česky   
UVKSC,https://www.trhknih.cz/uzivatel/profil/UVKSC,Rychvald,250,Druhá světová válka,H. P. Willmott,Knižní klub,https://www.trhknih.cz/kniha/641d8r,   80-242-1403-2   ,2005,  ,česky   
TomasR,https://www.trhknih.cz/uzivatel/profil/TomasR,,220,Druhá světová válka,H. P. Willmott,Knižní klub,https://www.trhknih.cz/kniha/641d8r,   80-242-1403-2   ,2005,  ,česky   
nvad999,https://www.trhknih.cz/uzivatel/profil/nvad999,,50,Infarkt myokardu,Rudolf Špaček,Galén,https://www.trhknih.cz/kniha/7r25ns,   80-7262-197-1   ,2003, 1. vyd. ,   
fefa,https://www.trhknih.cz/uzivatel/profil/fefa,"Dejvice, 																			Zličín",270,Infarkt myokardu,Rudolf Špaček,Galén,https://www.trhknih.cz/kniha/7r25ns,   80-7262-197-1   ,2003, 1. vyd. ,   
martis01,https://www.trhknih.cz/uzivatel/profil/martis01,Frenštát pod Radhoštěm,250,Infarkt myokardu,Rudolf Špaček,Galén,https://www.trhknih.cz/kniha/7r25ns,   80-7262-197-1   ,2003, 1. vyd. ,   
SaJi,https://www.trhknih.cz/uzivatel/profil/SaJi,Sedlčany,140,Nejkrásnější pověsti severní Moravy a Slezska 3. - Příběhy z Ostravska a Karvinska,"Taťána Polášková,  Naděžda Lázničková",Alpress,https://www.trhknih.cz/kniha/8ngsin,    978-80-7362-615-0  ,2008,1,   
Dan1964,https://www.trhknih.cz/uzivatel/profil/Dan1964,Ústí nad Labem-centrum,150,Nejkrásnější pověsti severní Moravy a Slezska 3. - Příběhy z Ostravska a Karvinska,"Taťána Polášková,  Naděžda Lázničková",Alpress,https://www.trhknih.cz/kniha/8ngsin,    978-80-7362-615-0  ,2008,1,   
Nakopci,https://www.trhknih.cz/uzivatel/profil/Nakopci,,299,Nejkrásnější pověsti severní Moravy a Slezska 3. - Příběhy z Ostravska a Karvinska,"Taťána Polášková,  Naděžda Lázničková",Alpress,https://www.trhknih.cz/kniha/8ngsin,    978-80-7362-615-0  ,2008,1,   
Laura16,https://www.trhknih.cz/uzivatel/profil/Laura16,,130,Nejkrásnější pověsti severní Moravy a Slezska 3. - Příběhy z Ostravska a Karvinska,"Taťána Polášková,  Naděžda Lázničková",Alpress,https://www.trhknih.cz/kniha/8ngsin,    978-80-7362-615-0  ,2008,1,   
Asisa,https://www.trhknih.cz/uzivatel/profil/Asisa,,200,Nejkrásnější pověsti severní Moravy a Slezska 3. - Příběhy z Ostravska a Karvinska,"Taťána Polášková,  Naděžda Lázničková",Alpress,https://www.trhknih.cz/kniha/8ngsin,    978-80-7362-615-0  ,2008,1,   
reknihy,https://www.trhknih.cz/uzivatel/profil/reknihy,,209,Nejkrásnější pověsti severní Moravy a Slezska 3. - Příběhy z Ostravska a Karvinska,"Taťána Polášková,  Naděžda Lázničková",Alpress,https://www.trhknih.cz/kniha/8ngsin,    978-80-7362-615-0  ,2008,1,   
AntikAvion,https://www.trhknih.cz/uzivatel/profil/AntikAvion,Liberec I-Staré Město,263,Nejkrásnější pověsti severní Moravy a Slezska 3. - Příběhy z Ostravska a Karvinska,"Taťána Polášková,  Naděžda Lázničková",Alpress,https://www.trhknih.cz/kniha/8ngsin,    978-80-7362-615-0  ,2008,1,   
Antikvariat_Radost,https://www.trhknih.cz/uzivatel/profil/Antikvariat_Radost,Královo Pole,87,Doba ledová 3 - úsvit dinosaurů obrazový slovník,Glenn Dakin,Egmont,https://www.trhknih.cz/kniha/66kjf1,    978-80-252-0532-7 978-80-252-0532-7 ,2009, 1. vyd. , česky  
Vera07,https://www.trhknih.cz/uzivatel/profil/Vera07,Brno-město,89,Doba ledová 3 - úsvit dinosaurů obrazový slovník,Glenn Dakin,Egmont,https://www.trhknih.cz/kniha/66kjf1,    978-80-252-0532-7 978-80-252-0532-7 ,2009, 1. vyd. , česky  
Jesetyrek,https://www.trhknih.cz/uzivatel/profil/Jesetyrek,Královo Pole,50,Doba ledová 3 - úsvit dinosaurů obrazový slovník,Glenn Dakin,Egmont,https://www.trhknih.cz/kniha/66kjf1,    978-80-252-0532-7 978-80-252-0532-7 ,2009, 1. vyd. , česky  
jankasta,https://www.trhknih.cz/uzivatel/profil/jankasta,Nusle,240,"Boj o Hrad 2., - Kdo po Masarykovi? - vnitropolitický vývoj Československa 1926-1935 na půdorysu zápasu o prezidentské nástupnictví.",Antonín Klimek,Panevropa,https://www.trhknih.cz/kniha/72okf3,   80-86130-02-9   ,1998, Vyd. 1. ,   
MarPot,https://www.trhknih.cz/uzivatel/profil/MarPot,Krč,400,"Boj o Hrad 2., - Kdo po Masarykovi? - vnitropolitický vývoj Československa 1926-1935 na půdorysu zápasu o prezidentské nástupnictví.",Antonín Klimek,Panevropa,https://www.trhknih.cz/kniha/72okf3,   80-86130-02-9   ,1998, Vyd. 1. ,   
ffkk22,https://www.trhknih.cz/uzivatel/profil/ffkk22,"Řepy, 																			Stodůlky, 																			Vinohrady",250,"Boj o Hrad 2., - Kdo po Masarykovi? - vnitropolitický vývoj Československa 1926-1935 na půdorysu zápasu o prezidentské nástupnictví.",Antonín Klimek,Panevropa,https://www.trhknih.cz/kniha/72okf3,   80-86130-02-9   ,1998, Vyd. 1. ,   
B-L-A-U-E-R,https://www.trhknih.cz/uzivatel/profil/B-L-A-U-E-R,,250,"Boj o Hrad 2., - Kdo po Masarykovi? - vnitropolitický vývoj Československa 1926-1935 na půdorysu zápasu o prezidentské nástupnictví.",Antonín Klimek,Panevropa,https://www.trhknih.cz/kniha/72okf3,   80-86130-02-9   ,1998, Vyd. 1. ,   
Nadia,https://www.trhknih.cz/uzivatel/profil/Nadia,,200,"Boj o Hrad 2., - Kdo po Masarykovi? - vnitropolitický vývoj Československa 1926-1935 na půdorysu zápasu o prezidentské nástupnictví.",Antonín Klimek,Panevropa,https://www.trhknih.cz/kniha/72okf3,   80-86130-02-9   ,1998, Vyd. 1. ,   
malirek,https://www.trhknih.cz/uzivatel/profil/malirek,,720,"Boj o Hrad 2., - Kdo po Masarykovi? - vnitropolitický vývoj Československa 1926-1935 na půdorysu zápasu o prezidentské nástupnictví.",Antonín Klimek,Panevropa,https://www.trhknih.cz/kniha/72okf3,   80-86130-02-9   ,1998, Vyd. 1. ,   
AntikAvion,https://www.trhknih.cz/uzivatel/profil/AntikAvion,Liberec I-Staré Město,318,"Boj o Hrad 2., - Kdo po Masarykovi? - vnitropolitický vývoj Československa 1926-1935 na půdorysu zápasu o prezidentské nástupnictví.",Antonín Klimek,Panevropa,https://www.trhknih.cz/kniha/72okf3,   80-86130-02-9   ,1998, Vyd. 1. ,   
a3j3,https://www.trhknih.cz/uzivatel/profil/a3j3,,50,"Vaříme z tofu bez cholesterolu teplé a studené pokrmy, deserty",Pavla Momčilová,P. Momčilová,https://www.trhknih.cz/kniha/94u366,   80-85936-09-7   ,1996," 2., rozš. vyd. ",   
beeux,https://www.trhknih.cz/uzivatel/profil/beeux,"Libeň, 																			Přerov nad Labem",50,"Vaříme z tofu bez cholesterolu teplé a studené pokrmy, deserty",Pavla Momčilová,P. Momčilová,https://www.trhknih.cz/kniha/94u366,   80-85936-09-7   ,1996," 2., rozš. vyd. ",   
Kramls,https://www.trhknih.cz/uzivatel/profil/Kramls,Velký Osek,75,"Vaříme z tofu bez cholesterolu teplé a studené pokrmy, deserty",Pavla Momčilová,P. Momčilová,https://www.trhknih.cz/kniha/94u366,   80-85936-09-7   ,1996," 2., rozš. vyd. ",   
hpvr,https://www.trhknih.cz/uzivatel/profil/hpvr,,70,Silné duše,Jean Giono,Odeon,https://www.trhknih.cz/kniha/71unrn,   80-207-0507-4   ,1994, 1. vyd. , česky  
zmrzlina,https://www.trhknih.cz/uzivatel/profil/zmrzlina,,50,Silné duše,Jean Giono,Odeon,https://www.trhknih.cz/kniha/71unrn,   80-207-0507-4   ,1994, 1. vyd. , česky  
Lovisa.T,https://www.trhknih.cz/uzivatel/profil/Lovisa.T,Staré Město,60,Silné duše,Jean Giono,Odeon,https://www.trhknih.cz/kniha/71unrn,   80-207-0507-4   ,1994, 1. vyd. , česky  
vladimir3043,https://www.trhknih.cz/uzivatel/profil/vladimir3043,,89,Náměstí Krasnoarmějců 2 učitelé a studenti Filozofické fakulty UK v období normalizace,Jakub Jareš,"Univerzita Karlova, Filozofická fakulta",https://www.trhknih.cz/kniha/76e7xq,    978-80-7308-426-4 978-80-7476-001-3 ,2012, Vyd. 1. , česky  
KTC,https://www.trhknih.cz/uzivatel/profil/KTC,,100,Náměstí Krasnoarmějců 2 učitelé a studenti Filozofické fakulty UK v období normalizace,Jakub Jareš,"Univerzita Karlova, Filozofická fakulta",https://www.trhknih.cz/kniha/76e7xq,    978-80-7308-426-4 978-80-7476-001-3 ,2012, Vyd. 1. , česky  
B-L-A-U-E-R,https://www.trhknih.cz/uzivatel/profil/B-L-A-U-E-R,,120,Náměstí Krasnoarmějců 2 učitelé a studenti Filozofické fakulty UK v období normalizace,Jakub Jareš,"Univerzita Karlova, Filozofická fakulta",https://www.trhknih.cz/kniha/76e7xq,    978-80-7308-426-4 978-80-7476-001-3 ,2012, Vyd. 1. , česky  
Jahnak,https://www.trhknih.cz/uzivatel/profil/Jahnak,"Kutná Hora-Vnitřní Město, 																			Liberec III-Jeřáb, 																			Staré Město",150,Náměstí Krasnoarmějců 2 učitelé a studenti Filozofické fakulty UK v období normalizace,Jakub Jareš,"Univerzita Karlova, Filozofická fakulta",https://www.trhknih.cz/kniha/76e7xq,    978-80-7308-426-4 978-80-7476-001-3 ,2012, Vyd. 1. , česky  
AntikAvion,https://www.trhknih.cz/uzivatel/profil/AntikAvion,Liberec I-Staré Město,198,Náměstí Krasnoarmějců 2 učitelé a studenti Filozofické fakulty UK v období normalizace,Jakub Jareš,"Univerzita Karlova, Filozofická fakulta",https://www.trhknih.cz/kniha/76e7xq,    978-80-7308-426-4 978-80-7476-001-3 ,2012, Vyd. 1. , česky  
Kristyna222,https://www.trhknih.cz/uzivatel/profil/Kristyna222,,70,"Bylinkové domácí lázně přírodní osvěžující zábaly, masáže, pleťové vody, masky, oleje a peelingy",Greta Breedlove,Pragma,https://www.trhknih.cz/kniha/94p3uc,   80-7205-873-8   ,2006,  ,česky   
tena,https://www.trhknih.cz/uzivatel/profil/tena,Budějovické Předměstí,60,"Bylinkové domácí lázně přírodní osvěžující zábaly, masáže, pleťové vody, masky, oleje a peelingy",Greta Breedlove,Pragma,https://www.trhknih.cz/kniha/94p3uc,   80-7205-873-8   ,2006,  ,česky   
ivo30mp,https://www.trhknih.cz/uzivatel/profil/ivo30mp,Černé Voděrady,50,Kouzelný svět,,Nut's Production,https://www.trhknih.cz/kniha/8roypr, 80-239-5529-2     , ,  ,   
jesterkaobecna,https://www.trhknih.cz/uzivatel/profil/jesterkaobecna,,220,"Udržitelný rozvoj: hledání cest, které nekončí",Hana Kolářová,"Univerzita Karlova, Centrum pro otázky životního prostředí",https://www.trhknih.cz/kniha/642ekw,  80-87076-02-8    ,2006,  ,   
AntikAvion,https://www.trhknih.cz/uzivatel/profil/AntikAvion,Liberec I-Staré Město,274,Melancholie a vzdor (Eseje o moderní české literatuře),Květoslav Chvatík,Československý spisovatel,https://www.trhknih.cz/kniha/7rssic,80-202-0347-8      ,1992, 1. vyd. ,   
Knihomil,https://www.trhknih.cz/uzivatel/profil/Knihomil,Lípa,99,Melancholie a vzdor (Eseje o moderní české literatuře),Květoslav Chvatík,Československý spisovatel,https://www.trhknih.cz/kniha/7rssic,80-202-0347-8      ,1992, 1. vyd. ,   
Udice,https://www.trhknih.cz/uzivatel/profil/Udice,,70,Melancholie a vzdor (Eseje o moderní české literatuře),Květoslav Chvatík,Československý spisovatel,https://www.trhknih.cz/kniha/7rssic,80-202-0347-8      ,1992, 1. vyd. ,   
Wallis,https://www.trhknih.cz/uzivatel/profil/Wallis,"Ďáblice, 																			Letňany",50,Ruku v ruce s mrtvým bratrem = De la mano del hermano muerto,David Llorente,Protis,https://www.trhknih.cz/kniha/5st19d,  978-80-7386-073-8    ,2011, Vyd. 1. ," česky, španělsky  "
janula17,https://www.trhknih.cz/uzivatel/profil/janula17,Frýdlant,150,Cesta ke grálu meditační karty,Jiřina Lockerová,Maitrea,https://www.trhknih.cz/kniha/6jckm5,   978-80-87249-18-5   ,2011, 1. vyd. ,   
Agio,https://www.trhknih.cz/uzivatel/profil/Agio,Moravská Ostrava,180,Cesta ke grálu meditační karty,Jiřina Lockerová,Maitrea,https://www.trhknih.cz/kniha/6jckm5,   978-80-87249-18-5   ,2011, 1. vyd. ,   
Robert_22,https://www.trhknih.cz/uzivatel/profil/Robert_22,Brno-město,200,Tanec jako sen básně a úvahy,Michael Jackson,Baronet,https://www.trhknih.cz/kniha/71ins3,   978-80-7384-277-2   ,2009, Vyd. 2. , česky  
antikvariatSemily,https://www.trhknih.cz/uzivatel/profil/antikvariatSemily,Semily,200,Tanec jako sen básně a úvahy,Michael Jackson,Baronet,https://www.trhknih.cz/kniha/71ins3,   978-80-7384-277-2   ,2009, Vyd. 2. , česky  
AntikAvion,https://www.trhknih.cz/uzivatel/profil/AntikAvion,Liberec I-Staré Město,285,Tanec jako sen básně a úvahy,Michael Jackson,Baronet,https://www.trhknih.cz/kniha/71ins3,   978-80-7384-277-2   ,2009, Vyd. 2. , česky  
Bowdenka,https://www.trhknih.cz/uzivatel/profil/Bowdenka,"Dejvice, 																			Karlín, 																			Kročehlavy",100,Bankéři,Arthur Hailey,Beta-Dobrovský,https://www.trhknih.cz/kniha/40ywc0,978-80-7306-533-1      ,2013,1, česky  
Marmotie,https://www.trhknih.cz/uzivatel/profil/Marmotie,Pelhřimov,150,Bankéři,Arthur Hailey,Beta-Dobrovský,https://www.trhknih.cz/kniha/40ywc0,978-80-7306-533-1      ,2013,1, česky  
Ellie2020,https://www.trhknih.cz/uzivatel/profil/Ellie2020,Krč,100,Bankéři,Arthur Hailey,Beta-Dobrovský,https://www.trhknih.cz/kniha/40ywc0,978-80-7306-533-1      ,2013,1, česky  
sukulent,https://www.trhknih.cz/uzivatel/profil/sukulent,Plzeň Východní Předměstí,120,Bankéři,Arthur Hailey,Beta-Dobrovský,https://www.trhknih.cz/kniha/40ywc0,978-80-7306-533-1      ,2013,1, česky  
hpvr,https://www.trhknih.cz/uzivatel/profil/hpvr,,80,Bankéři,Arthur Hailey,Beta-Dobrovský,https://www.trhknih.cz/kniha/40ywc0,978-80-7306-533-1      ,2013,1, česky  
Knihomil,https://www.trhknih.cz/uzivatel/profil/Knihomil,Lípa,69,Bankéři,Arthur Hailey,Beta-Dobrovský,https://www.trhknih.cz/kniha/40ywc0,978-80-7306-533-1      ,2013,1, česky  
